sample_index,file_id,step,activity_count,nothing,walk,rotation,jump,wave,lie_down,pick_up,sit_down,stand_up,future_mse,future_cosine,environment,model
0,act_64_18,0,3,1,1,0,0,0,0,0,0,1,0.07469143,0.9617741,meeting_room,baseline
0,act_64_18,1,3,1,1,0,0,0,0,0,0,1,0.29281247,0.8339222,meeting_room,baseline
0,act_64_18,2,3,1,1,0,0,0,0,0,0,1,0.1809442,0.91027397,meeting_room,baseline
1,act_63_38,0,2,0,1,0,0,0,1,0,0,0,0.16687122,0.90364546,meeting_room,baseline
1,act_63_38,1,2,0,1,0,0,0,1,0,0,0,0.26054147,0.86927134,meeting_room,baseline
1,act_63_38,2,2,0,1,0,0,0,1,0,0,0,0.09710018,0.94497454,meeting_room,baseline
2,act_71_36,0,5,1,1,1,1,0,0,0,0,1,0.19740933,0.89504,meeting_room,baseline
2,act_71_36,1,5,1,1,1,1,0,0,0,0,1,0.110994734,0.9366856,meeting_room,baseline
2,act_71_36,2,5,1,1,1,1,0,0,0,0,1,0.1870527,0.89016145,meeting_room,baseline
3,act_58_33,0,1,0,0,0,0,0,0,0,0,1,0.1548022,0.91362906,meeting_room,baseline
3,act_58_33,1,1,0,0,0,0,0,0,0,0,1,0.19415729,0.8874896,meeting_room,baseline
3,act_58_33,2,1,0,0,0,0,0,0,0,0,1,0.12412105,0.93162817,meeting_room,baseline
4,act_57_79,0,1,0,0,0,0,0,0,1,0,0,0.10514863,0.94647,meeting_room,baseline
4,act_57_79,1,1,0,0,0,0,0,0,1,0,0,0.07505353,0.95831156,meeting_room,baseline
4,act_57_79,2,1,0,0,0,0,0,0,1,0,0,0.09277572,0.947339,meeting_room,baseline
5,act_59_33,0,1,1,0,0,0,0,0,0,0,0,0.2014838,0.8946085,meeting_room,baseline
5,act_59_33,1,1,1,0,0,0,0,0,0,0,0,0.16722591,0.9054058,meeting_room,baseline
5,act_59_33,2,1,1,0,0,0,0,0,0,0,0,0.17541909,0.90147966,meeting_room,baseline
6,act_62_82,0,1,1,0,0,0,0,0,0,0,0,0.15111302,0.91235805,meeting_room,baseline
6,act_62_82,1,1,1,0,0,0,0,0,0,0,0,0.32618082,0.8071965,meeting_room,baseline
6,act_62_82,2,1,1,0,0,0,0,0,0,0,0,0.10817748,0.9391745,meeting_room,baseline
7,act_58_27,0,1,0,0,1,0,0,0,0,0,0,0.121841446,0.93017817,meeting_room,baseline
7,act_58_27,1,1,0,0,1,0,0,0,0,0,0,0.21752784,0.8712074,meeting_room,baseline
7,act_58_27,2,1,0,0,1,0,0,0,0,0,0,0.13624096,0.92327166,meeting_room,baseline
8,act_70_58,0,3,0,0,0,1,1,1,0,0,0,0.07723245,0.9568964,meeting_room,baseline
8,act_70_58,1,3,0,0,0,1,1,1,0,0,0,0.17181736,0.8997202,meeting_room,baseline
8,act_70_58,2,3,0,0,0,1,1,1,0,0,0,0.16288681,0.90551054,meeting_room,baseline
9,act_55_29,0,1,0,1,0,0,0,0,0,0,0,0.11749357,0.9333482,meeting_room,baseline
9,act_55_29,1,1,0,1,0,0,0,0,0,0,0,0.04030214,0.9774755,meeting_room,baseline
9,act_55_29,2,1,0,1,0,0,0,0,0,0,0,0.08062968,0.9543813,meeting_room,baseline
10,act_67_41,0,4,0,0,0,0,1,1,1,1,0,0.57435745,0.6706524,meeting_room,baseline
10,act_67_41,1,4,0,0,0,0,1,1,1,1,0,0.2613251,0.84470516,meeting_room,baseline
10,act_67_41,2,4,0,0,0,0,1,1,1,1,0,0.23157042,0.8626198,meeting_room,baseline
11,act_59_67,0,1,0,0,0,0,1,0,0,0,0,0.08082062,0.95493996,meeting_room,baseline
11,act_59_67,1,1,0,0,0,0,1,0,0,0,0,0.2411507,0.8587359,meeting_room,baseline
11,act_59_67,2,1,0,0,0,0,1,0,0,0,0,0.07208173,0.9593643,meeting_room,baseline
12,act_64_20,0,3,0,1,1,1,0,0,0,0,0,0.07978787,0.95562553,meeting_room,baseline
12,act_64_20,1,3,0,1,1,1,0,0,0,0,0,0.18978438,0.8908186,meeting_room,baseline
12,act_64_20,2,3,0,1,1,1,0,0,0,0,0,0.17215857,0.899412,meeting_room,baseline
13,act_69_95,0,1,0,0,0,0,1,0,0,0,0,0.11449671,0.9373942,meeting_room,baseline
13,act_69_95,1,1,0,0,0,0,1,0,0,0,0,0.09723441,0.95373756,meeting_room,baseline
13,act_69_95,2,1,0,0,0,0,1,0,0,0,0,0.112938404,0.93689156,meeting_room,baseline
14,act_62_71,0,2,0,0,0,0,0,0,0,1,1,0.15309346,0.9115413,meeting_room,baseline
14,act_62_71,1,2,0,0,0,0,0,0,0,1,1,0.14994875,0.91324747,meeting_room,baseline
14,act_62_71,2,2,0,0,0,0,0,0,0,1,1,0.11525813,0.93421674,meeting_room,baseline
15,act_70_23,0,5,0,0,0,0,1,1,1,1,1,0.26962915,0.83903897,meeting_room,baseline
15,act_70_23,1,5,0,0,0,0,1,1,1,1,1,0.10548499,0.93959886,meeting_room,baseline
15,act_70_23,2,5,0,0,0,0,1,1,1,1,1,0.15138885,0.91215247,meeting_room,baseline
16,act_62_95,0,1,0,0,0,0,1,0,0,0,0,0.0898914,0.95176727,meeting_room,baseline
16,act_62_95,1,1,0,0,0,0,1,0,0,0,0,0.07558192,0.9579491,meeting_room,baseline
16,act_62_95,2,1,0,0,0,0,1,0,0,0,0,0.12697372,0.9271962,meeting_room,baseline
17,act_65_36,0,3,1,0,1,0,0,0,0,0,1,0.15301573,0.91653377,meeting_room,baseline
17,act_65_36,1,3,1,0,1,0,0,0,0,0,1,0.12429432,0.9292436,meeting_room,baseline
17,act_65_36,2,3,1,0,1,0,0,0,0,0,1,0.4702655,0.69639003,meeting_room,baseline
18,act_67_40,0,4,0,0,0,1,1,1,1,0,0,0.24206595,0.85534155,meeting_room,baseline
18,act_67_40,1,4,0,0,0,1,1,1,1,0,0,0.072766125,0.9587875,meeting_room,baseline
18,act_67_40,2,4,0,0,0,1,1,1,1,0,0,0.111115694,0.93694305,meeting_room,baseline
19,act_68_27,0,4,1,0,1,1,0,0,0,0,1,0.25401375,0.8474958,meeting_room,baseline
19,act_68_27,1,4,1,0,1,1,0,0,0,0,1,0.15859509,0.90979475,meeting_room,baseline
19,act_68_27,2,4,1,0,1,1,0,0,0,0,1,0.16858223,0.9030881,meeting_room,baseline
20,act_65_5,0,3,0,0,0,0,1,1,0,1,0,0.110211946,0.9370104,meeting_room,baseline
20,act_65_5,1,3,0,0,0,0,1,1,0,1,0,0.15012401,0.9139531,meeting_room,baseline
20,act_65_5,2,3,0,0,0,0,1,1,0,1,0,0.08634734,0.95091516,meeting_room,baseline
21,act_65_30,0,3,0,0,1,1,0,1,0,0,0,0.17155659,0.8998857,meeting_room,baseline
21,act_65_30,1,3,0,0,1,1,0,1,0,0,0,0.30188242,0.81554025,meeting_room,baseline
21,act_65_30,2,3,0,0,1,1,0,1,0,0,0,0.13004294,0.92563033,meeting_room,baseline
22,act_56_99,0,1,0,0,0,0,0,0,0,0,1,0.2536124,0.85568094,meeting_room,baseline
22,act_56_99,1,1,0,0,0,0,0,0,0,0,1,0.257402,0.8643796,meeting_room,baseline
22,act_56_99,2,1,0,0,0,0,0,0,0,0,1,0.10429962,0.94145787,meeting_room,baseline
23,act_67_39,0,4,0,0,1,1,1,1,0,0,0,0.11018877,0.9380296,meeting_room,baseline
23,act_67_39,1,4,0,0,1,1,1,1,0,0,0,0.10072686,0.94364464,meeting_room,baseline
23,act_67_39,2,4,0,0,1,1,1,1,0,0,0,0.15329087,0.9142679,meeting_room,baseline
24,act_70_54,0,3,1,1,0,0,0,0,0,0,1,0.26143765,0.8437118,meeting_room,baseline
24,act_70_54,1,3,1,1,0,0,0,0,0,0,1,0.297709,0.82003415,meeting_room,baseline
24,act_70_54,2,3,1,1,0,0,0,0,0,0,1,0.12265243,0.9300297,meeting_room,baseline
25,act_68_25,0,4,1,1,0,0,0,0,1,1,0,0.21110907,0.8802553,meeting_room,baseline
25,act_68_25,1,4,1,1,0,0,0,0,1,1,0,0.15389389,0.9150062,meeting_room,baseline
25,act_68_25,2,4,1,1,0,0,0,0,1,1,0,0.14807086,0.9143317,meeting_room,baseline
26,act_66_62,0,2,1,0,0,0,0,0,0,1,0,0.25882298,0.85536724,meeting_room,baseline
26,act_66_62,1,2,1,0,0,0,0,0,0,1,0,0.2097627,0.8835996,meeting_room,baseline
26,act_66_62,2,2,1,0,0,0,0,0,0,1,0,0.31400698,0.81961757,meeting_room,baseline
27,act_60_60,0,1,0,0,0,0,0,1,0,0,0,0.30055916,0.8195476,meeting_room,baseline
27,act_60_60,1,1,0,0,0,0,0,1,0,0,0,0.14693418,0.915089,meeting_room,baseline
27,act_60_60,2,1,0,0,0,0,0,1,0,0,0,0.16299489,0.9084995,meeting_room,baseline
28,act_56_55,0,1,1,0,0,0,0,0,0,0,0,0.055255167,0.96919274,meeting_room,baseline
28,act_56_55,1,1,1,0,0,0,0,0,0,0,0,0.09270199,0.9473975,meeting_room,baseline
28,act_56_55,2,1,1,0,0,0,0,0,0,0,0,0.14148146,0.91831475,meeting_room,baseline
29,act_68_11,0,4,0,1,1,0,1,1,0,0,0,0.37676287,0.77110213,meeting_room,baseline
29,act_68_11,1,4,0,1,1,0,1,1,0,0,0,0.33034372,0.7957151,meeting_room,baseline
29,act_68_11,2,4,0,1,1,0,1,1,0,0,0,0.165548,0.9041764,meeting_room,baseline
30,act_59_27,0,1,0,0,0,1,0,0,0,0,0,0.2270008,0.8662077,meeting_room,baseline
30,act_59_27,1,1,0,0,0,1,0,0,0,0,0,0.15391251,0.9138444,meeting_room,baseline
30,act_59_27,2,1,0,0,0,1,0,0,0,0,0,0.07030492,0.96113306,meeting_room,baseline
31,act_57_88,0,1,0,0,0,0,0,0,1,0,0,0.1163622,0.93684655,meeting_room,baseline
31,act_57_88,1,1,0,0,0,0,0,0,1,0,0,0.15059042,0.92042947,meeting_room,baseline
31,act_57_88,2,1,0,0,0,0,0,0,1,0,0,0.079921424,0.9572793,meeting_room,baseline
32,act_61_2,0,2,0,1,1,0,0,0,0,0,0,0.27950233,0.8324577,meeting_room,baseline
32,act_61_2,1,2,0,1,1,0,0,0,0,0,0,0.12885872,0.92593706,meeting_room,baseline
32,act_61_2,2,2,0,1,1,0,0,0,0,0,0,0.18365732,0.8965391,meeting_room,baseline
33,act_71_38,0,5,0,1,1,1,1,1,0,0,0,0.14400873,0.917536,meeting_room,baseline
33,act_71_38,1,5,0,1,1,1,1,1,0,0,0,0.1401432,0.919038,meeting_room,baseline
33,act_71_38,2,5,0,1,1,1,1,1,0,0,0,0.10800433,0.94005007,meeting_room,baseline
34,act_68_20,0,4,0,1,1,0,1,1,0,0,0,0.1624502,0.91615915,meeting_room,baseline
34,act_68_20,1,4,0,1,1,0,1,1,0,0,0,0.06805943,0.9631973,meeting_room,baseline
34,act_68_20,2,4,0,1,1,0,1,1,0,0,0,0.13099107,0.9278446,meeting_room,baseline
35,act_70_22,0,5,0,0,0,1,1,1,1,1,0,0.11553232,0.93649304,meeting_room,baseline
35,act_70_22,1,5,0,0,0,1,1,1,1,1,0,0.09848133,0.94527775,meeting_room,baseline
35,act_70_22,2,5,0,0,0,1,1,1,1,1,0,0.17314553,0.89883715,meeting_room,baseline
36,act_67_85,0,1,0,0,0,1,0,0,0,0,0,0.2958638,0.8339547,meeting_room,baseline
36,act_67_85,1,1,0,0,0,1,0,0,0,0,0,0.24835986,0.8550232,meeting_room,baseline
36,act_67_85,2,1,0,0,0,1,0,0,0,0,0,0.15088011,0.9141081,meeting_room,baseline
37,act_69_47,0,3,0,1,1,1,0,0,0,0,0,0.19125089,0.8890038,meeting_room,baseline
37,act_69_47,1,3,0,1,1,1,0,0,0,0,0,0.14160013,0.92196584,meeting_room,baseline
37,act_69_47,2,3,0,1,1,1,0,0,0,0,0,0.0912054,0.9481045,meeting_room,baseline
38,act_72_1,0,5,1,1,1,1,1,0,0,0,0,0.15493527,0.9113326,meeting_room,baseline
38,act_72_1,1,5,1,1,1,1,1,0,0,0,0,0.10454901,0.9411319,meeting_room,baseline
38,act_72_1,2,5,1,1,1,1,1,0,0,0,0,0.16761857,0.9031712,meeting_room,baseline
39,act_57_83,0,1,0,1,0,0,0,0,0,0,0,0.08982609,0.94959456,meeting_room,baseline
39,act_57_83,1,1,0,1,0,0,0,0,0,0,0,0.07593034,0.96033704,meeting_room,baseline
39,act_57_83,2,1,0,1,0,0,0,0,0,0,0,0.06874914,0.962579,meeting_room,baseline
40,act_60_62,0,1,0,0,0,0,0,0,0,1,0,0.29080054,0.8243072,meeting_room,baseline
40,act_60_62,1,1,0,0,0,0,0,0,0,1,0,0.11969598,0.9394294,meeting_room,baseline
40,act_60_62,2,1,0,0,0,0,0,0,0,1,0,0.120143026,0.93261945,meeting_room,baseline
41,act_56_30,0,1,0,0,0,1,0,0,0,0,0,0.17918116,0.8957158,meeting_room,baseline
41,act_56_30,1,1,0,0,0,1,0,0,0,0,0,0.083718106,0.9542351,meeting_room,baseline
41,act_56_30,2,1,0,0,0,1,0,0,0,0,0,0.17956924,0.9100389,meeting_room,baseline
42,act_68_39,0,4,0,0,1,1,0,1,1,0,0,0.10816588,0.9403573,meeting_room,baseline
42,act_68_39,1,4,0,0,1,1,0,1,1,0,0,0.1739253,0.90182745,meeting_room,baseline
42,act_68_39,2,4,0,0,1,1,0,1,1,0,0,0.18201989,0.893792,meeting_room,baseline
43,act_204_45,0,0,0,0,0,0,0,0,0,0,0,0.055285774,0.96941113,meeting_room,baseline
43,act_204_45,1,0,0,0,0,0,0,0,0,0,0,0.10313075,0.9418026,meeting_room,baseline
43,act_204_45,2,0,0,0,0,0,0,0,0,0,0,0.062229846,0.96586,meeting_room,baseline
44,act_63_47,0,2,0,1,0,1,0,0,0,0,0,0.06762649,0.9618769,meeting_room,baseline
44,act_63_47,1,2,0,1,0,1,0,0,0,0,0,0.12563439,0.9281838,meeting_room,baseline
44,act_63_47,2,2,0,1,0,1,0,0,0,0,0,0.1548467,0.91818976,meeting_room,baseline
45,act_70_87,0,2,0,0,0,0,0,1,1,0,0,0.12039463,0.93113875,meeting_room,baseline
45,act_70_87,1,2,0,0,0,0,0,1,1,0,0,0.15197393,0.9118825,meeting_room,baseline
45,act_70_87,2,2,0,0,0,0,0,1,1,0,0,0.17991003,0.8946526,meeting_room,baseline
46,act_67_24,0,4,0,0,0,0,0,1,1,1,1,0.071772166,0.9604967,meeting_room,baseline
46,act_67_24,1,4,0,0,0,0,0,1,1,1,1,0.2340467,0.8616791,meeting_room,baseline
46,act_67_24,2,4,0,0,0,0,0,1,1,1,1,0.21179193,0.8838193,meeting_room,baseline
47,act_71_77,0,2,0,0,0,0,1,1,0,0,0,0.15130383,0.9129351,meeting_room,baseline
47,act_71_77,1,2,0,0,0,0,1,1,0,0,0,0.19846338,0.8837685,meeting_room,baseline
47,act_71_77,2,2,0,0,0,0,1,1,0,0,0,0.16370979,0.90903056,meeting_room,baseline
48,act_58_59,0,1,0,0,0,0,0,1,0,0,0,0.14100812,0.9193572,meeting_room,baseline
48,act_58_59,1,1,0,0,0,0,0,1,0,0,0,0.08774796,0.95018375,meeting_room,baseline
48,act_58_59,2,1,0,0,0,0,0,1,0,0,0,0.15006383,0.9157955,meeting_room,baseline
49,act_66_57,0,2,0,0,1,0,1,0,0,0,0,0.17355071,0.9007482,meeting_room,baseline
49,act_66_57,1,2,0,0,1,0,1,0,0,0,0,0.26890042,0.8437448,meeting_room,baseline
49,act_66_57,2,2,0,0,1,0,1,0,0,0,0,0.26131165,0.8429347,meeting_room,baseline
50,act_67_97,0,1,0,0,0,0,0,0,1,0,0,0.095278725,0.9464174,meeting_room,baseline
50,act_67_97,1,1,0,0,0,0,0,0,1,0,0,0.4345212,0.76197594,meeting_room,baseline
50,act_67_97,2,1,0,0,0,0,0,0,1,0,0,0.061111785,0.96569985,meeting_room,baseline
51,act_55_87,0,1,0,0,0,0,0,1,0,0,0,0.27687186,0.8323536,meeting_room,baseline
51,act_55_87,1,1,0,0,0,0,0,1,0,0,0,0.30273005,0.83934224,meeting_room,baseline
51,act_55_87,2,1,0,0,0,0,0,1,0,0,0,0.14757729,0.94454986,meeting_room,baseline
52,act_60_27,0,1,0,0,0,0,0,0,0,0,1,0.2088934,0.87829894,meeting_room,baseline
52,act_60_27,1,1,0,0,0,0,0,0,0,0,1,0.23135114,0.86301196,meeting_room,baseline
52,act_60_27,2,1,0,0,0,0,0,0,0,0,1,0.105090946,0.9401416,meeting_room,baseline
53,act_70_70,0,2,0,0,0,0,0,0,1,1,0,0.07911914,0.95667696,meeting_room,baseline
53,act_70_70,1,2,0,0,0,0,0,0,1,1,0,0.2929506,0.82565796,meeting_room,baseline
53,act_70_70,2,2,0,0,0,0,0,0,1,1,0,0.11089623,0.94033796,meeting_room,baseline
54,act_204_66,0,0,0,0,0,0,0,0,0,0,0,0.05688499,0.9680395,meeting_room,baseline
54,act_204_66,1,0,0,0,0,0,0,0,0,0,0,0.056854565,0.9681617,meeting_room,baseline
54,act_204_66,2,0,0,0,0,0,0,0,0,0,0,0.085590966,0.95307875,meeting_room,baseline
55,act_61_18,0,2,1,0,0,0,0,0,0,0,1,0.41882563,0.7366964,meeting_room,baseline
55,act_61_18,1,2,1,0,0,0,0,0,0,0,1,0.1377329,0.92079866,meeting_room,baseline
55,act_61_18,2,2,1,0,0,0,0,0,0,0,1,0.2202034,0.8705676,meeting_room,baseline
56,act_60_90,0,1,0,0,0,0,0,0,0,0,1,0.29734555,0.8196291,meeting_room,baseline
56,act_60_90,1,1,0,0,0,0,0,0,0,0,1,0.30855346,0.8354293,meeting_room,baseline
56,act_60_90,2,1,0,0,0,0,0,0,0,0,1,0.2777272,0.88349575,meeting_room,baseline
57,act_59_83,0,1,0,0,1,0,0,0,0,0,0,0.18035814,0.8946182,meeting_room,baseline
57,act_59_83,1,1,0,0,1,0,0,0,0,0,0,0.11139001,0.93628615,meeting_room,baseline
57,act_59_83,2,1,0,0,1,0,0,0,0,0,0,0.1423114,0.91826135,meeting_room,baseline
58,act_62_18,0,2,0,1,1,0,0,0,0,0,0,0.13095202,0.9254501,meeting_room,baseline
58,act_62_18,1,2,0,1,1,0,0,0,0,0,0,0.12124309,0.9308172,meeting_room,baseline
58,act_62_18,2,2,0,1,1,0,0,0,0,0,0,0.09634989,0.94559443,meeting_room,baseline
59,act_66_15,0,3,1,0,0,0,0,1,1,0,0,0.44256955,0.73778415,meeting_room,baseline
59,act_66_15,1,3,1,0,0,0,0,1,1,0,0,0.24218804,0.8570924,meeting_room,baseline
59,act_66_15,2,3,1,0,0,0,0,1,1,0,0,0.15417859,0.9120967,meeting_room,baseline
60,act_61_32,0,2,0,0,0,0,1,1,0,0,0,0.16619742,0.90646964,meeting_room,baseline
60,act_61_32,1,2,0,0,0,0,1,1,0,0,0,0.12573409,0.92777985,meeting_room,baseline
60,act_61_32,2,2,0,0,0,0,1,1,0,0,0,0.12387633,0.92900217,meeting_room,baseline
61,act_57_66,0,1,0,0,1,0,0,0,0,0,0,0.14459452,0.91828346,meeting_room,baseline
61,act_57_66,1,1,0,0,1,0,0,0,0,0,0,0.18935746,0.89001954,meeting_room,baseline
61,act_57_66,2,1,0,0,1,0,0,0,0,0,0,0.12945794,0.9255736,meeting_room,baseline
62,act_56_74,0,1,0,1,0,0,0,0,0,0,0,0.06952915,0.96995723,meeting_room,baseline
62,act_56_74,1,1,0,1,0,0,0,0,0,0,0,0.04189051,0.9794195,meeting_room,baseline
62,act_56_74,2,1,0,1,0,0,0,0,0,0,0,0.07028003,0.96050525,meeting_room,baseline
63,act_69_38,0,4,0,1,1,1,0,1,0,0,0,0.10859613,0.9378088,meeting_room,baseline
63,act_69_38,1,4,0,1,1,1,0,1,0,0,0,0.11935883,0.9325504,meeting_room,baseline
63,act_69_38,2,4,0,1,1,1,0,1,0,0,0,0.068192184,0.96173394,meeting_room,baseline
64,act_71_46,0,3,1,1,1,0,0,0,0,0,0,0.111081526,0.9365435,meeting_room,baseline
64,act_71_46,1,3,1,1,1,0,0,0,0,0,0,0.09040664,0.9498074,meeting_room,baseline
64,act_71_46,2,3,1,1,1,0,0,0,0,0,0,0.07567148,0.9573814,meeting_room,baseline
65,act_56_31,0,1,0,0,0,0,1,0,0,0,0,0.08252294,0.95322,meeting_room,baseline
65,act_56_31,1,1,0,0,0,0,1,0,0,0,0,0.21324018,0.87413716,meeting_room,baseline
65,act_56_31,2,1,0,0,0,0,1,0,0,0,0,0.099819176,0.9428608,meeting_room,baseline
66,act_58_36,0,1,0,0,1,0,0,0,0,0,0,0.10522365,0.93996215,meeting_room,baseline
66,act_58_36,1,1,0,0,1,0,0,0,0,0,0,0.1106347,0.936729,meeting_room,baseline
66,act_58_36,2,1,0,0,1,0,0,0,0,0,0,0.10607832,0.9403308,meeting_room,baseline
67,act_64_44,0,3,1,0,0,0,0,0,0,1,1,0.28173035,0.84527415,meeting_room,baseline
67,act_64_44,1,3,1,0,0,0,0,0,0,1,1,0.15207657,0.93071383,meeting_room,baseline
67,act_64_44,2,3,1,0,0,0,0,0,0,1,1,0.16046263,0.9065412,meeting_room,baseline
68,act_63_67,0,2,0,0,0,1,1,0,0,0,0,0.19863532,0.88368315,meeting_room,baseline
68,act_63_67,1,2,0,0,0,1,1,0,0,0,0,0.39985076,0.7584051,meeting_room,baseline
68,act_63_67,2,2,0,0,0,1,1,0,0,0,0,0.2453967,0.8672918,meeting_room,baseline
69,act_63_1,0,2,1,0,0,0,1,0,0,0,0,0.12359939,0.9327203,meeting_room,baseline
69,act_63_1,1,2,1,0,0,0,1,0,0,0,0,0.09153162,0.9490582,meeting_room,baseline
69,act_63_1,2,2,1,0,0,0,1,0,0,0,0,0.14041047,0.92290455,meeting_room,baseline
70,act_69_2,0,4,0,1,1,1,0,1,0,0,0,0.33778164,0.80129254,meeting_room,baseline
70,act_69_2,1,4,0,1,1,1,0,1,0,0,0,0.17971379,0.9031575,meeting_room,baseline
70,act_69_2,2,4,0,1,1,1,0,1,0,0,0,0.32999504,0.8078209,meeting_room,baseline
71,act_58_53,0,1,0,0,0,0,0,0,0,0,1,0.19908771,0.88569957,meeting_room,baseline
71,act_58_53,1,1,0,0,0,0,0,0,0,0,1,0.19195375,0.8964161,meeting_room,baseline
71,act_58_53,2,1,0,0,0,0,0,0,0,0,1,0.1608049,0.91174877,meeting_room,baseline
72,act_56_93,0,1,0,0,1,0,0,0,0,0,0,0.22359596,0.8701789,meeting_room,baseline
72,act_56_93,1,1,0,0,1,0,0,0,0,0,0,0.2245894,0.86741936,meeting_room,baseline
72,act_56_93,2,1,0,0,1,0,0,0,0,0,0,0.18522245,0.8944312,meeting_room,baseline
73,act_55_22,0,1,0,0,0,1,0,0,0,0,0,0.11456852,0.9380178,meeting_room,baseline
73,act_55_22,1,1,0,0,0,1,0,0,0,0,0,0.13196246,0.92548585,meeting_room,baseline
73,act_55_22,2,1,0,0,0,1,0,0,0,0,0,0.123297885,0.9299754,meeting_room,baseline
74,act_72_36,0,5,1,1,1,1,0,0,0,0,1,0.21685585,0.87293196,meeting_room,baseline
74,act_72_36,1,5,1,1,1,1,0,0,0,0,1,0.26565185,0.84183043,meeting_room,baseline
74,act_72_36,2,5,1,1,1,1,0,0,0,0,1,0.09661451,0.94474286,meeting_room,baseline
75,act_57_99,0,1,0,0,0,0,0,0,0,0,1,0.1804569,0.89628863,meeting_room,baseline
75,act_57_99,1,1,0,0,0,0,0,0,0,0,1,0.14247909,0.9182465,meeting_room,baseline
75,act_57_99,2,1,0,0,0,0,0,0,0,0,1,0.10891184,0.9377739,meeting_room,baseline
76,act_63_21,0,2,0,0,1,0,0,0,1,0,0,0.22452132,0.87343466,meeting_room,baseline
76,act_63_21,1,2,0,0,1,0,0,0,1,0,0,0.282111,0.8292647,meeting_room,baseline
76,act_63_21,2,2,0,0,1,0,0,0,1,0,0,0.11670623,0.935866,meeting_room,baseline
77,act_61_89,0,1,0,0,0,0,0,0,0,1,0,0.28457388,0.82954174,meeting_room,baseline
77,act_61_89,1,1,0,0,0,0,0,0,0,1,0,0.2949681,0.8210472,meeting_room,baseline
77,act_61_89,2,1,0,0,0,0,0,0,0,1,0,0.17482162,0.90206265,meeting_room,baseline
78,act_61_77,0,1,0,0,0,0,1,0,0,0,0,0.35797423,0.77741885,meeting_room,baseline
78,act_61_77,1,1,0,0,0,0,1,0,0,0,0,0.10248293,0.9436371,meeting_room,baseline
78,act_61_77,2,1,0,0,0,0,1,0,0,0,0,0.09555723,0.9455858,meeting_room,baseline
79,act_68_93,0,1,0,0,1,0,0,0,0,0,0,0.28446534,0.8409758,meeting_room,baseline
79,act_68_93,1,1,0,0,1,0,0,0,0,0,0,0.15481287,0.916684,meeting_room,baseline
79,act_68_93,2,1,0,0,1,0,0,0,0,0,0,0.23190886,0.8675544,meeting_room,baseline
80,act_72_52,0,3,0,0,0,0,0,0,1,1,1,0.13892916,0.92056733,meeting_room,baseline
80,act_72_52,1,3,0,0,0,0,0,0,1,1,1,0.17161529,0.9017249,meeting_room,baseline
80,act_72_52,2,3,0,0,0,0,0,0,1,1,1,0.07086894,0.96385163,meeting_room,baseline
81,act_57_85,0,1,0,0,0,1,0,0,0,0,0,0.35813987,0.80126935,meeting_room,baseline
81,act_57_85,1,1,0,0,0,1,0,0,0,0,0,0.09481081,0.9461404,meeting_room,baseline
81,act_57_85,2,1,0,0,0,1,0,0,0,0,0,0.16056521,0.90679294,meeting_room,baseline
82,act_69_57,0,3,0,0,1,1,1,0,0,0,0,0.14969283,0.91489995,meeting_room,baseline
82,act_69_57,1,3,0,0,1,1,1,0,0,0,0,0.2205312,0.88609385,meeting_room,baseline
82,act_69_57,2,3,0,0,1,1,1,0,0,0,0,0.11368171,0.9364463,meeting_room,baseline
83,act_69_34,0,4,0,1,0,0,0,0,1,1,1,0.13909675,0.9213611,meeting_room,baseline
83,act_69_34,1,4,0,1,0,0,0,0,1,1,1,0.30077857,0.8287089,meeting_room,baseline
83,act_69_34,2,4,0,1,0,0,0,0,1,1,1,0.22164135,0.88357425,meeting_room,baseline
84,act_67_54,0,2,1,0,0,0,0,0,0,0,1,0.4874608,0.68181705,meeting_room,baseline
84,act_67_54,1,2,1,0,0,0,0,0,0,0,1,0.15151969,0.91537976,meeting_room,baseline
84,act_67_54,2,2,1,0,0,0,0,0,0,0,1,0.1586446,0.92027223,meeting_room,baseline
85,act_62_19,0,2,0,0,1,1,0,0,0,0,0,0.11110702,0.9364658,meeting_room,baseline
85,act_62_19,1,2,0,0,1,1,0,0,0,0,0,0.10167472,0.9428872,meeting_room,baseline
85,act_62_19,2,2,0,0,1,1,0,0,0,0,0,0.13481587,0.9223745,meeting_room,baseline
86,act_63_19,0,2,1,0,0,0,1,0,0,0,0,0.16226466,0.90641576,meeting_room,baseline
86,act_63_19,1,2,1,0,0,0,1,0,0,0,0,0.085957505,0.95126534,meeting_room,baseline
86,act_63_19,2,2,1,0,0,0,1,0,0,0,0,0.094061136,0.9469753,meeting_room,baseline
87,act_65_89,0,1,0,0,0,0,0,0,0,1,0,0.16147041,0.90713954,meeting_room,baseline
87,act_65_89,1,1,0,0,0,0,0,0,0,1,0,0.24339852,0.87845093,meeting_room,baseline
87,act_65_89,2,1,0,0,0,0,0,0,0,1,0,0.17775661,0.9011817,meeting_room,baseline
88,act_67_18,0,4,1,1,1,0,0,0,0,0,1,0.084751725,0.9518484,meeting_room,baseline
88,act_67_18,1,4,1,1,1,0,0,0,0,0,1,0.10311974,0.9423938,meeting_room,baseline
88,act_67_18,2,4,1,1,1,0,0,0,0,0,1,0.13324562,0.92335707,meeting_room,baseline
89,act_67_12,0,4,0,0,1,1,1,1,0,0,0,0.09818845,0.94514626,meeting_room,baseline
89,act_67_12,1,4,0,0,1,1,1,1,0,0,0,0.07489358,0.95766556,meeting_room,baseline
89,act_67_12,2,4,0,0,1,1,1,1,0,0,0,0.15950897,0.9072935,meeting_room,baseline
90,act_61_54,0,1,0,0,0,0,0,0,0,0,1,0.37536278,0.764464,meeting_room,baseline
90,act_61_54,1,1,0,0,0,0,0,0,0,0,1,0.17917144,0.89874226,meeting_room,baseline
90,act_61_54,2,1,0,0,0,0,0,0,0,0,1,0.18734246,0.8910061,meeting_room,baseline
91,act_58_51,0,1,0,0,0,0,0,0,1,0,0,0.12041041,0.9332879,meeting_room,baseline
91,act_58_51,1,1,0,0,0,0,0,0,1,0,0,0.23061782,0.87138647,meeting_room,baseline
91,act_58_51,2,1,0,0,0,0,0,0,1,0,0,0.10269272,0.941738,meeting_room,baseline
92,act_67_47,0,2,0,1,1,0,0,0,0,0,0,0.12125939,0.9304933,meeting_room,baseline
92,act_67_47,1,2,0,1,1,0,0,0,0,0,0,0.12245101,0.9345657,meeting_room,baseline
92,act_67_47,2,2,0,1,1,0,0,0,0,0,0,0.11695528,0.936586,meeting_room,baseline
93,act_65_79,0,2,0,0,0,0,0,0,1,1,0,0.20424944,0.8802044,meeting_room,baseline
93,act_65_79,1,2,0,0,0,0,0,0,1,1,0,0.28626508,0.8319254,meeting_room,baseline
93,act_65_79,2,2,0,0,0,0,0,0,1,1,0,0.09533906,0.94588065,meeting_room,baseline
94,act_64_12,0,3,0,0,1,1,1,0,0,0,0,0.16065826,0.90748173,meeting_room,baseline
94,act_64_12,1,3,0,0,1,1,1,0,0,0,0,0.12465608,0.9310014,meeting_room,baseline
94,act_64_12,2,3,0,0,1,1,1,0,0,0,0,0.17316464,0.89892524,meeting_room,baseline
95,act_56_83,0,1,0,1,0,0,0,0,0,0,0,0.067198664,0.9666892,meeting_room,baseline
95,act_56_83,1,1,0,1,0,0,0,0,0,0,0,0.079215534,0.9564678,meeting_room,baseline
95,act_56_83,2,1,0,1,0,0,0,0,0,0,0,0.09344923,0.9469926,meeting_room,baseline
96,act_57_24,0,1,0,0,0,0,0,0,0,1,0,0.13340473,0.9238189,meeting_room,baseline
96,act_57_24,1,1,0,0,0,0,0,0,0,1,0,0.33700442,0.8091046,meeting_room,baseline
96,act_57_24,2,1,0,0,0,0,0,0,0,1,0,0.15932736,0.92535156,meeting_room,baseline
97,act_55_62,0,1,0,0,0,0,0,0,0,1,0,0.29198983,0.82392615,meeting_room,baseline
97,act_55_62,1,1,0,0,0,0,0,0,0,1,0,0.1287188,0.9379944,meeting_room,baseline
97,act_55_62,2,1,0,0,0,0,0,0,0,1,0,0.21382812,0.8793838,meeting_room,baseline
98,act_60_46,0,1,1,0,0,0,0,0,0,0,0,0.08652274,0.9511259,meeting_room,baseline
98,act_60_46,1,1,1,0,0,0,0,0,0,0,0,0.1282244,0.92662954,meeting_room,baseline
98,act_60_46,2,1,1,0,0,0,0,0,0,0,0,0.20774028,0.88455147,meeting_room,baseline
99,act_55_45,0,1,0,0,0,0,0,0,0,0,1,0.32735246,0.8001408,meeting_room,baseline
99,act_55_45,1,1,0,0,0,0,0,0,0,0,1,0.0743673,0.96016055,meeting_room,baseline
99,act_55_45,2,1,0,0,0,0,0,0,0,0,1,0.17997622,0.89819646,meeting_room,baseline
100,act_63_85,0,2,0,0,0,1,1,0,0,0,0,0.12620729,0.92799795,meeting_room,baseline
100,act_63_85,1,2,0,0,0,1,1,0,0,0,0,0.38364488,0.76313466,meeting_room,baseline
100,act_63_85,2,2,0,0,0,1,1,0,0,0,0,0.13760552,0.922899,meeting_room,baseline
101,act_71_5,0,5,0,0,0,0,1,1,1,1,1,0.14603135,0.92033404,meeting_room,baseline
101,act_71_5,1,5,0,0,0,0,1,1,1,1,1,0.09476875,0.9504377,meeting_room,baseline
101,act_71_5,2,5,0,0,0,0,1,1,1,1,1,0.112191305,0.9447182,meeting_room,baseline
102,act_58_63,0,1,1,0,0,0,0,0,0,0,0,0.09284037,0.94729054,meeting_room,baseline
102,act_58_63,1,1,1,0,0,0,0,0,0,0,0,0.08208386,0.95349807,meeting_room,baseline
102,act_58_63,2,1,1,0,0,0,0,0,0,0,0,0.09307514,0.94844043,meeting_room,baseline
103,act_204_83,0,0,0,0,0,0,0,0,0,0,0,0.05783277,0.96991,meeting_room,baseline
103,act_204_83,1,0,0,0,0,0,0,0,0,0,0,0.052936558,0.9705204,meeting_room,baseline
103,act_204_83,2,0,0,0,0,0,0,0,0,0,0,0.08626408,0.9512633,meeting_room,baseline
104,act_57_8,0,1,1,0,0,0,0,0,0,0,0,0.08998135,0.94896835,meeting_room,baseline
104,act_57_8,1,1,1,0,0,0,0,0,0,0,0,0.10186911,0.9421317,meeting_room,baseline
104,act_57_8,2,1,1,0,0,0,0,0,0,0,0,0.17426924,0.8991766,meeting_room,baseline
105,act_67_98,0,1,0,0,0,0,0,0,0,1,0,0.56357044,0.68075585,meeting_room,baseline
105,act_67_98,1,1,0,0,0,0,0,0,0,1,0,0.17702451,0.9015146,meeting_room,baseline
105,act_67_98,2,1,0,0,0,0,0,0,0,1,0,0.14181265,0.92044884,meeting_room,baseline
106,act_65_80,0,2,0,0,0,0,0,0,0,1,1,0.12725785,0.9277627,meeting_room,baseline
106,act_65_80,1,2,0,0,0,0,0,0,0,1,1,0.33996418,0.7975657,meeting_room,baseline
106,act_65_80,2,2,0,0,0,0,0,0,0,1,1,0.11712192,0.9488441,meeting_room,baseline
107,act_65_46,0,2,1,1,0,0,0,0,0,0,0,0.15512058,0.910368,meeting_room,baseline
107,act_65_46,1,2,1,1,0,0,0,0,0,0,0,0.16848476,0.9038878,meeting_room,baseline
107,act_65_46,2,2,1,1,0,0,0,0,0,0,0,0.16491918,0.90688246,meeting_room,baseline
108,act_68_19,0,4,1,1,0,1,1,0,0,0,0,0.12291041,0.92939335,meeting_room,baseline
108,act_68_19,1,4,1,1,0,1,1,0,0,0,0,0.08157965,0.9580943,meeting_room,baseline
108,act_68_19,2,4,1,1,0,1,1,0,0,0,0,0.13814485,0.9214775,meeting_room,baseline
109,act_58_52,0,1,0,0,0,0,0,0,0,1,0,0.08499229,0.9518986,meeting_room,baseline
109,act_58_52,1,1,0,0,0,0,0,0,0,1,0,0.1565113,0.9114967,meeting_room,baseline
109,act_58_52,2,1,0,0,0,0,0,0,0,1,0,0.2433699,0.858592,meeting_room,baseline
110,act_62_45,0,2,0,1,1,0,0,0,0,0,0,0.12168284,0.9313908,meeting_room,baseline
110,act_62_45,1,2,0,1,1,0,0,0,0,0,0,0.07122656,0.9603081,meeting_room,baseline
110,act_62_45,2,2,0,1,1,0,0,0,0,0,0,0.14373404,0.9168318,meeting_room,baseline
111,act_204_18,0,0,0,0,0,0,0,0,0,0,0,0.07737309,0.9565618,meeting_room,baseline
111,act_204_18,1,0,0,0,0,0,0,0,0,0,0,0.05877341,0.96716243,meeting_room,baseline
111,act_204_18,2,0,0,0,0,0,0,0,0,0,0,0.05207999,0.9713173,meeting_room,baseline
112,act_63_95,0,1,0,0,0,0,1,0,0,0,0,0.15245956,0.9120615,meeting_room,baseline
112,act_63_95,1,1,0,0,0,0,1,0,0,0,0,0.20939375,0.87682134,meeting_room,baseline
112,act_63_95,2,1,0,0,0,0,1,0,0,0,0,0.22125137,0.8687848,meeting_room,baseline
113,act_66_8,0,3,0,0,1,0,0,0,0,1,1,0.30580708,0.8130399,meeting_room,baseline
113,act_66_8,1,3,0,0,1,0,0,0,0,1,1,0.32373643,0.8011949,meeting_room,baseline
113,act_66_8,2,3,0,0,1,0,0,0,0,1,1,0.14588886,0.9178811,meeting_room,baseline
114,act_69_54,0,3,1,1,0,0,0,0,0,0,1,0.22651197,0.86558884,meeting_room,baseline
114,act_69_54,1,3,1,1,0,0,0,0,0,0,1,0.20117146,0.8833444,meeting_room,baseline
114,act_69_54,2,3,1,1,0,0,0,0,0,0,1,0.1836232,0.8930486,meeting_room,baseline
115,act_63_11,0,2,0,1,0,0,0,1,0,0,0,0.18359709,0.8939751,meeting_room,baseline
115,act_63_11,1,2,0,1,0,0,0,1,0,0,0,0.15213111,0.91252995,meeting_room,baseline
115,act_63_11,2,2,0,1,0,0,0,1,0,0,0,0.22418329,0.8689351,meeting_room,baseline
116,act_72_10,0,5,1,1,1,1,1,0,0,0,0,0.25542682,0.85974854,meeting_room,baseline
116,act_72_10,1,5,1,1,1,1,1,0,0,0,0,0.110395044,0.93892586,meeting_room,baseline
116,act_72_10,2,5,1,1,1,1,1,0,0,0,0,0.16716886,0.91014224,meeting_room,baseline
117,act_61_10,0,2,1,1,0,0,0,0,0,0,0,0.27276585,0.8413793,meeting_room,baseline
117,act_61_10,1,2,1,1,0,0,0,0,0,0,0,0.18672682,0.901694,meeting_room,baseline
117,act_61_10,2,2,1,1,0,0,0,0,0,0,0,0.23300923,0.86442167,meeting_room,baseline
118,act_65_48,0,2,0,0,1,1,0,0,0,0,0,0.08959024,0.9535436,meeting_room,baseline
118,act_65_48,1,2,0,0,1,1,0,0,0,0,0,0.11698353,0.932663,meeting_room,baseline
118,act_65_48,2,2,0,0,1,1,0,0,0,0,0,0.116985515,0.93303424,meeting_room,baseline
119,act_62_50,0,1,0,0,0,0,0,1,0,0,0,0.122540966,0.92961293,meeting_room,baseline
119,act_62_50,1,1,0,0,0,0,0,1,0,0,0,0.1451758,0.9159715,meeting_room,baseline
119,act_62_50,2,1,0,0,0,0,0,1,0,0,0,0.103105314,0.941141,meeting_room,baseline
120,act_58_6,0,1,0,0,0,0,0,0,0,0,1,0.24010253,0.85859513,meeting_room,baseline
120,act_58_6,1,1,0,0,0,0,0,0,0,0,1,0.12957755,0.9315285,meeting_room,baseline
120,act_58_6,2,1,0,0,0,0,0,0,0,0,1,0.11516768,0.93991923,meeting_room,baseline
121,act_67_34,0,4,1,0,0,0,0,0,1,1,1,0.1644556,0.904135,meeting_room,baseline
121,act_67_34,1,4,1,0,0,0,0,0,1,1,1,0.250822,0.8496205,meeting_room,baseline
121,act_67_34,2,4,1,0,0,0,0,0,1,1,1,0.15867251,0.9079794,meeting_room,baseline
122,act_57_13,0,1,0,0,0,0,0,1,0,0,0,0.19766495,0.88669735,meeting_room,baseline
122,act_57_13,1,1,0,0,0,0,0,1,0,0,0,0.16576329,0.9070761,meeting_room,baseline
122,act_57_13,2,1,0,0,0,0,0,1,0,0,0,0.17832848,0.8962592,meeting_room,baseline
123,act_69_52,0,3,0,0,0,0,0,0,1,1,1,0.13395196,0.9230814,meeting_room,baseline
123,act_69_52,1,3,0,0,0,0,0,0,1,1,1,0.15542644,0.91049075,meeting_room,baseline
123,act_69_52,2,3,0,0,0,0,0,0,1,1,1,0.26004338,0.8441832,meeting_room,baseline
124,act_65_98,0,1,0,0,0,0,0,0,0,1,0,0.17532861,0.90659964,meeting_room,baseline
124,act_65_98,1,1,0,0,0,0,0,0,0,1,0,0.43139064,0.7338304,meeting_room,baseline
124,act_65_98,2,1,0,0,0,0,0,0,0,1,0,0.1627484,0.9060628,meeting_room,baseline
125,act_58_21,0,1,0,0,0,0,0,1,0,0,0,0.12948442,0.9269639,meeting_room,baseline
125,act_58_21,1,1,0,0,0,0,0,1,0,0,0,0.08279919,0.9536926,meeting_room,baseline
125,act_58_21,2,1,0,0,0,0,0,1,0,0,0,0.100495055,0.9431265,meeting_room,baseline
126,act_62_2,0,2,0,0,0,1,1,0,0,0,0,0.3939581,0.76661456,meeting_room,baseline
126,act_62_2,1,2,0,0,0,1,1,0,0,0,0,0.12986165,0.9257002,meeting_room,baseline
126,act_62_2,2,2,0,0,0,1,1,0,0,0,0,0.24780807,0.854603,meeting_room,baseline
127,act_65_4,0,3,0,0,0,1,1,0,1,0,0,0.13566795,0.9236471,meeting_room,baseline
127,act_65_4,1,3,0,0,0,1,1,0,1,0,0,0.16405311,0.90444803,meeting_room,baseline
127,act_65_4,2,3,0,0,0,1,1,0,1,0,0,0.13834381,0.92078835,meeting_room,baseline
128,act_70_4,0,5,0,0,0,1,1,1,1,1,0,0.33615342,0.79527396,meeting_room,baseline
128,act_70_4,1,5,0,0,0,1,1,1,1,1,0,0.1997515,0.8864753,meeting_room,baseline
128,act_70_4,2,5,0,0,0,1,1,1,1,1,0,0.16920322,0.90489584,meeting_room,baseline
129,act_62_93,0,1,0,0,1,0,0,0,0,0,0,0.1827437,0.8930164,meeting_room,baseline
129,act_62_93,1,1,0,0,1,0,0,0,0,0,0,0.07304719,0.95920056,meeting_room,baseline
129,act_62_93,2,1,0,0,1,0,0,0,0,0,0,0.13596226,0.92158747,meeting_room,baseline
130,act_65_47,0,2,0,1,1,0,0,0,0,0,0,0.082944736,0.954008,meeting_room,baseline
130,act_65_47,1,2,0,1,1,0,0,0,0,0,0,0.056277532,0.96846485,meeting_room,baseline
130,act_65_47,2,2,0,1,1,0,0,0,0,0,0,0.08165395,0.95368844,meeting_room,baseline
131,act_64_35,0,3,1,0,0,0,0,0,0,1,1,0.0920001,0.9485364,meeting_room,baseline
131,act_64_35,1,3,1,0,0,0,0,0,0,1,1,0.19937481,0.8826892,meeting_room,baseline
131,act_64_35,2,3,1,0,0,0,0,0,0,1,1,0.20868012,0.8768084,meeting_room,baseline
132,act_59_58,0,1,0,0,0,0,0,1,0,0,0,0.21703532,0.87154675,meeting_room,baseline
132,act_59_58,1,1,0,0,0,0,0,1,0,0,0,0.116386466,0.93807054,meeting_room,baseline
132,act_59_58,2,1,0,0,0,0,0,1,0,0,0,0.13575159,0.9230848,meeting_room,baseline
133,act_56_56,0,1,0,1,0,0,0,0,0,0,0,0.1545715,0.91036814,meeting_room,baseline
133,act_56_56,1,1,0,1,0,0,0,0,0,0,0,0.13019185,0.92572576,meeting_room,baseline
133,act_56_56,2,1,0,1,0,0,0,0,0,0,0,0.06897321,0.9611585,meeting_room,baseline
134,act_57_49,0,1,0,0,0,0,1,0,0,0,0,0.12667984,0.93047386,meeting_room,baseline
134,act_57_49,1,1,0,0,0,0,1,0,0,0,0,0.20774962,0.87777483,meeting_room,baseline
134,act_57_49,2,1,0,0,0,0,1,0,0,0,0,0.20069814,0.88910025,meeting_room,baseline
135,act_58_50,0,1,0,0,0,0,0,1,0,0,0,0.13060813,0.9267642,meeting_room,baseline
135,act_58_50,1,1,0,0,0,0,0,1,0,0,0,0.15908569,0.9143293,meeting_room,baseline
135,act_58_50,2,1,0,0,0,0,0,1,0,0,0,0.10371362,0.94276315,meeting_room,baseline
136,act_57_87,0,1,0,0,0,0,0,1,0,0,0,0.10373981,0.94153434,meeting_room,baseline
136,act_57_87,1,1,0,0,0,0,0,1,0,0,0,0.038702637,0.9785303,meeting_room,baseline
136,act_57_87,2,1,0,0,0,0,0,1,0,0,0,0.08770633,0.95070213,meeting_room,baseline
137,act_57_78,0,1,0,0,0,0,0,1,0,0,0,0.33938667,0.809427,meeting_room,baseline
137,act_57_78,1,1,0,0,0,0,0,1,0,0,0,0.20599146,0.8786517,meeting_room,baseline
137,act_57_78,2,1,0,0,0,0,0,1,0,0,0,0.15191433,0.91224843,meeting_room,baseline
138,act_70_45,0,5,1,1,1,1,0,0,0,0,1,0.10092124,0.94302404,meeting_room,baseline
138,act_70_45,1,5,1,1,1,1,0,0,0,0,1,0.18880866,0.88921857,meeting_room,baseline
138,act_70_45,2,5,1,1,1,1,0,0,0,0,1,0.10636468,0.9391395,meeting_room,baseline
139,act_60_66,0,1,0,0,1,0,0,0,0,0,0,0.16833614,0.9059573,meeting_room,baseline
139,act_60_66,1,1,0,0,1,0,0,0,0,0,0,0.115136415,0.9350704,meeting_room,baseline
139,act_60_66,2,1,0,0,1,0,0,0,0,0,0,0.14911717,0.9139098,meeting_room,baseline
140,act_66_92,0,1,0,1,0,0,0,0,0,0,0,0.13740149,0.9208665,meeting_room,baseline
140,act_66_92,1,1,0,1,0,0,0,0,0,0,0,0.08995308,0.9489971,meeting_room,baseline
140,act_66_92,2,1,0,1,0,0,0,0,0,0,0,0.09700917,0.9455301,meeting_room,baseline
141,act_70_10,0,5,1,1,1,1,1,0,0,0,0,0.23134333,0.8997254,meeting_room,baseline
141,act_70_10,1,5,1,1,1,1,1,0,0,0,0,0.13898316,0.9292284,meeting_room,baseline
141,act_70_10,2,5,1,1,1,1,1,0,0,0,0,0.14127278,0.921216,meeting_room,baseline
142,act_68_14,0,4,0,0,0,0,1,1,0,1,1,0.20707096,0.87752974,meeting_room,baseline
142,act_68_14,1,4,0,0,0,0,1,1,0,1,1,0.18157405,0.9004719,meeting_room,baseline
142,act_68_14,2,4,0,0,0,0,1,1,0,1,1,0.24306925,0.85534745,meeting_room,baseline
143,act_65_43,0,3,1,0,0,0,0,0,1,1,0,0.12441279,0.92837465,meeting_room,baseline
143,act_65_43,1,3,1,0,0,0,0,0,1,1,0,0.3383321,0.79437935,meeting_room,baseline
143,act_65_43,2,3,1,0,0,0,0,0,1,1,0,0.08583826,0.9513777,meeting_room,baseline
144,act_71_21,0,5,0,0,1,1,1,1,1,0,0,0.13777077,0.9204383,meeting_room,baseline
144,act_71_21,1,5,0,0,1,1,1,1,1,0,0,0.17355141,0.89898586,meeting_room,baseline
144,act_71_21,2,5,0,0,1,1,1,1,1,0,0,0.1670599,0.90704834,meeting_room,baseline
145,act_66_5,0,3,0,0,0,0,1,1,0,0,1,0.28403628,0.82785785,meeting_room,baseline
145,act_66_5,1,3,0,0,0,0,1,1,0,0,1,0.33864468,0.8017932,meeting_room,baseline
145,act_66_5,2,3,0,0,0,0,1,1,0,0,1,0.086764276,0.95102894,meeting_room,baseline
146,act_55_99,0,1,0,0,0,0,0,0,0,0,1,0.17169541,0.9002426,meeting_room,baseline
146,act_55_99,1,1,0,0,0,0,0,0,0,0,1,0.32065278,0.8097129,meeting_room,baseline
146,act_55_99,2,1,0,0,0,0,0,0,0,0,1,0.16587052,0.9102473,meeting_room,baseline
147,act_72_46,0,3,1,1,1,0,0,0,0,0,0,0.17021666,0.90083516,meeting_room,baseline
147,act_72_46,1,3,1,1,1,0,0,0,0,0,0,0.3299936,0.7999033,meeting_room,baseline
147,act_72_46,2,3,1,1,1,0,0,0,0,0,0,0.17810337,0.89574367,meeting_room,baseline
148,act_70_97,0,1,0,0,0,0,0,0,1,0,0,0.6258403,0.67488575,meeting_room,baseline
148,act_70_97,1,1,0,0,0,0,0,0,1,0,0,0.097675465,0.9458643,meeting_room,baseline
148,act_70_97,2,1,0,0,0,0,0,0,1,0,0,0.18931527,0.9006651,meeting_room,baseline
149,act_66_69,0,2,0,0,0,0,0,1,1,0,0,0.1603086,0.91525114,meeting_room,baseline
149,act_66_69,1,2,0,0,0,0,0,1,1,0,0,0.26128453,0.8473951,meeting_room,baseline
149,act_66_69,2,2,0,0,0,0,0,1,1,0,0,0.28741923,0.8257555,meeting_room,baseline
150,act_66_36,0,3,1,0,0,1,0,0,0,0,1,0.29752284,0.82448137,meeting_room,baseline
150,act_66_36,1,3,1,0,0,1,0,0,0,0,1,0.14438352,0.91807353,meeting_room,baseline
150,act_66_36,2,3,1,0,0,1,0,0,0,0,1,0.18259555,0.89471954,meeting_room,baseline
151,act_71_32,0,5,0,0,0,0,1,1,1,1,1,0.08386721,0.9594599,meeting_room,baseline
151,act_71_32,1,5,0,0,0,0,1,1,1,1,1,0.22186318,0.87525487,meeting_room,baseline
151,act_71_32,2,5,0,0,0,0,1,1,1,1,1,0.09321609,0.94680417,meeting_room,baseline
152,act_68_44,0,4,0,1,1,0,0,0,0,1,1,0.14295574,0.92051804,meeting_room,baseline
152,act_68_44,1,4,0,1,1,0,0,0,0,1,1,0.26648384,0.86110795,meeting_room,baseline
152,act_68_44,2,4,0,1,1,0,0,0,0,1,1,0.062042486,0.9658047,meeting_room,baseline
153,act_60_59,0,1,0,0,0,0,1,0,0,0,0,0.10653463,0.94472444,meeting_room,baseline
153,act_60_59,1,1,0,0,0,0,1,0,0,0,0,0.08059101,0.95466447,meeting_room,baseline
153,act_60_59,2,1,0,0,0,0,1,0,0,0,0,0.085117936,0.95261145,meeting_room,baseline
154,act_64_94,0,1,0,0,0,1,0,0,0,0,0,0.07293482,0.9589078,meeting_room,baseline
154,act_64_94,1,1,0,0,0,1,0,0,0,0,0,0.07996994,0.9548378,meeting_room,baseline
154,act_64_94,2,1,0,0,0,1,0,0,0,0,0,0.20274511,0.8820359,meeting_room,baseline
155,act_67_44,0,4,1,1,0,0,0,0,0,1,1,0.19236188,0.88692266,meeting_room,baseline
155,act_67_44,1,4,1,1,0,0,0,0,0,1,1,0.08940613,0.94982827,meeting_room,baseline
155,act_67_44,2,4,1,1,0,0,0,0,0,1,1,0.086780466,0.95147544,meeting_room,baseline
156,act_55_98,0,1,0,0,0,0,0,0,0,1,0,0.14185947,0.91826767,meeting_room,baseline
156,act_55_98,1,1,0,0,0,0,0,0,0,1,0,0.13930646,0.91975445,meeting_room,baseline
156,act_55_98,2,1,0,0,0,0,0,0,0,1,0,0.17949505,0.89489055,meeting_room,baseline
157,act_70_92,0,1,0,1,0,0,0,0,0,0,0,0.08854734,0.95361984,meeting_room,baseline
157,act_70_92,1,1,0,1,0,0,0,0,0,0,0,0.16990912,0.9016891,meeting_room,baseline
157,act_70_92,2,1,0,1,0,0,0,0,0,0,0,0.054708976,0.96982086,meeting_room,baseline
158,act_58_98,0,1,0,0,0,0,0,0,0,1,0,0.10032862,0.94789666,meeting_room,baseline
158,act_58_98,1,1,0,0,0,0,0,0,0,1,0,0.0955019,0.9456321,meeting_room,baseline
158,act_58_98,2,1,0,0,0,0,0,0,0,1,0,0.3440997,0.79219586,meeting_room,baseline
159,act_67_92,0,1,0,1,0,0,0,0,0,0,0,0.080855794,0.9546039,meeting_room,baseline
159,act_67_92,1,1,0,1,0,0,0,0,0,0,0,0.11291205,0.9461545,meeting_room,baseline
159,act_67_92,2,1,0,1,0,0,0,0,0,0,0,0.11092901,0.944484,meeting_room,baseline
160,act_63_65,0,2,0,1,1,0,0,0,0,0,0,0.1268978,0.927682,meeting_room,baseline
160,act_63_65,1,2,0,1,1,0,0,0,0,0,0,0.17280892,0.9018831,meeting_room,baseline
160,act_63_65,2,2,0,1,1,0,0,0,0,0,0,0.13026135,0.9254963,meeting_room,baseline
161,act_56_47,0,1,0,1,0,0,0,0,0,0,0,0.11258252,0.9471078,meeting_room,baseline
161,act_56_47,1,1,0,1,0,0,0,0,0,0,0,0.043445468,0.9756896,meeting_room,baseline
161,act_56_47,2,1,0,1,0,0,0,0,0,0,0,0.08706374,0.95072,meeting_room,baseline
162,act_64_40,0,3,0,0,0,1,1,1,0,0,0,0.09920385,0.9436963,meeting_room,baseline
162,act_64_40,1,3,0,0,0,1,1,1,0,0,0,0.084336415,0.95354325,meeting_room,baseline
162,act_64_40,2,3,0,0,0,1,1,1,0,0,0,0.18418923,0.89208585,meeting_room,baseline
163,act_65_49,0,2,0,0,0,1,1,0,0,0,0,0.15195833,0.9117122,meeting_room,baseline
163,act_65_49,1,2,0,0,0,1,1,0,0,0,0,0.13745305,0.92069054,meeting_room,baseline
163,act_65_49,2,2,0,0,0,1,1,0,0,0,0,0.14266628,0.9174849,meeting_room,baseline
164,act_62_76,0,2,0,0,0,1,1,0,0,0,0,0.21952274,0.87436736,meeting_room,baseline
164,act_62_76,1,2,0,0,0,1,1,0,0,0,0,0.14942297,0.9135594,meeting_room,baseline
164,act_62_76,2,2,0,0,0,1,1,0,0,0,0,0.119611494,0.93145126,meeting_room,baseline
165,act_58_12,0,1,0,0,0,0,0,1,0,0,0,0.16515383,0.9050334,meeting_room,baseline
165,act_58_12,1,1,0,0,0,0,0,1,0,0,0,0.17707857,0.89653885,meeting_room,baseline
165,act_58_12,2,1,0,0,0,0,0,1,0,0,0,0.1598147,0.9071862,meeting_room,baseline
166,act_62_57,0,1,0,0,0,1,0,0,0,0,0,0.0944745,0.94784814,meeting_room,baseline
166,act_62_57,1,1,0,0,0,1,0,0,0,0,0,0.051703487,0.9709311,meeting_room,baseline
166,act_62_57,2,1,0,0,0,1,0,0,0,0,0,0.077801175,0.9559875,meeting_room,baseline
167,act_56_26,0,1,0,0,0,0,0,0,0,0,1,0.094525926,0.9472041,meeting_room,baseline
167,act_56_26,1,1,0,0,0,0,0,0,0,0,1,0.23475555,0.87036926,meeting_room,baseline
167,act_56_26,2,1,0,0,0,0,0,0,0,0,1,0.12717038,0.928338,meeting_room,baseline
168,act_70_40,0,5,0,0,0,1,1,1,1,1,0,0.29928622,0.8440735,meeting_room,baseline
168,act_70_40,1,5,0,0,0,1,1,1,1,1,0,0.21781945,0.8751546,meeting_room,baseline
168,act_70_40,2,5,0,0,0,1,1,1,1,1,0,0.16127816,0.9071862,meeting_room,baseline
169,act_58_86,0,1,0,0,0,0,1,0,0,0,0,0.086560786,0.95087355,meeting_room,baseline
169,act_58_86,1,1,0,0,0,0,1,0,0,0,0,0.08611587,0.9518632,meeting_room,baseline
169,act_58_86,2,1,0,0,0,0,1,0,0,0,0,0.1566278,0.90909946,meeting_room,baseline
170,act_61_58,0,1,0,0,0,1,0,0,0,0,0,0.26607096,0.8397308,meeting_room,baseline
170,act_61_58,1,1,0,0,0,1,0,0,0,0,0,0.18108034,0.89604336,meeting_room,baseline
170,act_61_58,2,1,0,0,0,1,0,0,0,0,0,0.104278326,0.9477517,meeting_room,baseline
171,act_72_72,0,2,1,0,0,0,0,0,0,0,1,0.292803,0.8279038,meeting_room,baseline
171,act_72_72,1,2,1,0,0,0,0,0,0,0,1,0.15882486,0.91008264,meeting_room,baseline
171,act_72_72,2,2,1,0,0,0,0,0,0,0,1,0.14135325,0.92249715,meeting_room,baseline
172,act_72_31,0,5,0,0,0,1,1,1,1,1,0,0.27497727,0.83371305,meeting_room,baseline
172,act_72_31,1,5,0,0,0,1,1,1,1,1,0,0.12640798,0.9328426,meeting_room,baseline
172,act_72_31,2,5,0,0,0,1,1,1,1,1,0,0.12281753,0.92958504,meeting_room,baseline
173,act_71_43,0,5,1,1,0,0,0,0,1,1,1,0.10919012,0.9452706,meeting_room,baseline
173,act_71_43,1,5,1,1,0,0,0,0,1,1,1,0.102632985,0.9412569,meeting_room,baseline
173,act_71_43,2,5,1,1,0,0,0,0,1,1,1,0.27394447,0.84259766,meeting_room,baseline
174,act_58_29,0,1,0,0,0,0,1,0,0,0,0,0.07159327,0.9644189,meeting_room,baseline
174,act_58_29,1,1,0,0,0,0,1,0,0,0,0,0.11220427,0.9357793,meeting_room,baseline
174,act_58_29,2,1,0,0,0,0,1,0,0,0,0,0.09230874,0.9479686,meeting_room,baseline
175,act_61_23,0,2,0,0,0,0,1,1,0,0,0,0.3688808,0.7718607,meeting_room,baseline
175,act_61_23,1,2,0,0,0,0,1,1,0,0,0,0.13885346,0.9248434,meeting_room,baseline
175,act_61_23,2,2,0,0,0,0,1,1,0,0,0,0.07357272,0.95834595,meeting_room,baseline
176,act_61_80,0,1,0,0,0,0,0,0,0,1,0,0.48018622,0.71203464,meeting_room,baseline
176,act_61_80,1,1,0,0,0,0,0,0,0,1,0,0.21476504,0.88065165,meeting_room,baseline
176,act_61_80,2,1,0,0,0,0,0,0,0,1,0,0.13627179,0.92178875,meeting_room,baseline
177,act_66_10,0,3,1,1,0,0,1,0,0,0,0,0.19378135,0.88714504,meeting_room,baseline
177,act_66_10,1,3,1,1,0,0,1,0,0,0,0,0.18148637,0.90160066,meeting_room,baseline
177,act_66_10,2,3,1,1,0,0,1,0,0,0,0,0.25218594,0.8503734,meeting_room,baseline
178,act_60_35,0,1,0,0,0,0,0,0,0,1,0,0.10515192,0.9412111,meeting_room,baseline
178,act_60_35,1,1,0,0,0,0,0,0,0,1,0,0.2791651,0.83506685,meeting_room,baseline
178,act_60_35,2,1,0,0,0,0,0,0,0,1,0,0.116203785,0.937064,meeting_room,baseline
179,act_204_64,0,0,0,0,0,0,0,0,0,0,0,0.05533219,0.96962774,meeting_room,baseline
179,act_204_64,1,0,0,0,0,0,0,0,0,0,0,0.083382756,0.95320266,meeting_room,baseline
179,act_204_64,2,0,0,0,0,0,0,0,0,0,0,0.05696442,0.9683422,meeting_room,baseline
180,act_204_26,0,0,0,0,0,0,0,0,0,0,0,0.039693635,0.97790045,meeting_room,baseline
180,act_204_26,1,0,0,0,0,0,0,0,0,0,0,0.06280178,0.9647315,meeting_room,baseline
180,act_204_26,2,0,0,0,0,0,0,0,0,0,0,0.05861989,0.96744287,meeting_room,baseline
181,act_57_64,0,1,1,0,0,0,0,0,0,0,0,0.05113725,0.9716675,meeting_room,baseline
181,act_57_64,1,1,1,0,0,0,0,0,0,0,0,0.06476033,0.9640985,meeting_room,baseline
181,act_57_64,2,1,1,0,0,0,0,0,0,0,0,0.08186284,0.9559058,meeting_room,baseline
182,act_56_51,0,1,0,0,0,0,0,1,0,0,0,0.2961499,0.82578284,meeting_room,baseline
182,act_56_51,1,1,0,0,0,0,0,1,0,0,0,0.23247601,0.8631387,meeting_room,baseline
182,act_56_51,2,1,0,0,0,0,0,1,0,0,0,0.22376588,0.88201267,meeting_room,baseline
183,act_65_84,0,1,0,0,1,0,0,0,0,0,0,0.17504057,0.89769423,meeting_room,baseline
183,act_65_84,1,1,0,0,1,0,0,0,0,0,0,0.0866086,0.95585,meeting_room,baseline
183,act_65_84,2,1,0,0,1,0,0,0,0,0,0,0.14946759,0.91482073,meeting_room,baseline
184,act_68_98,0,1,0,0,0,0,0,0,0,1,0,0.10675149,0.9387895,meeting_room,baseline
184,act_68_98,1,1,0,0,0,0,0,0,0,1,0,0.5615045,0.6773213,meeting_room,baseline
184,act_68_98,2,1,0,0,0,0,0,0,0,1,0,0.16265558,0.9226026,meeting_room,baseline
185,act_70_13,0,5,0,0,0,1,1,1,1,1,0,0.15982613,0.9075579,meeting_room,baseline
185,act_70_13,1,5,0,0,0,1,1,1,1,1,0,0.12217384,0.9314342,meeting_room,baseline
185,act_70_13,2,5,0,0,0,1,1,1,1,1,0,0.15016425,0.91299653,meeting_room,baseline
186,act_61_64,0,1,1,0,0,0,0,0,0,0,0,0.13558894,0.9216993,meeting_room,baseline
186,act_61_64,1,1,1,0,0,0,0,0,0,0,0,0.20645565,0.8799715,meeting_room,baseline
186,act_61_64,2,1,1,0,0,0,0,0,0,0,0,0.20655489,0.8870363,meeting_room,baseline
187,act_67_81,0,2,1,0,0,0,0,0,0,0,1,0.22695953,0.8651584,meeting_room,baseline
187,act_67_81,1,2,1,0,0,0,0,0,0,0,1,0.14248082,0.91776645,meeting_room,baseline
187,act_67_81,2,2,1,0,0,0,0,0,0,0,1,0.24272041,0.8549196,meeting_room,baseline
188,act_60_73,0,1,1,0,0,0,0,0,0,0,0,0.04462663,0.9750951,meeting_room,baseline
188,act_60_73,1,1,1,0,0,0,0,0,0,0,0,0.06431684,0.9639264,meeting_room,baseline
188,act_60_73,2,1,1,0,0,0,0,0,0,0,0,0.06563677,0.9652707,meeting_room,baseline
189,act_58_25,0,1,1,0,0,0,0,0,0,0,0,0.10574563,0.9396563,meeting_room,baseline
189,act_58_25,1,1,1,0,0,0,0,0,0,0,0,0.14980261,0.9229287,meeting_room,baseline
189,act_58_25,2,1,1,0,0,0,0,0,0,0,0,0.10777887,0.93869925,meeting_room,baseline
190,act_66_24,0,3,1,0,0,0,0,1,1,0,0,0.14197119,0.9181145,meeting_room,baseline
190,act_66_24,1,3,1,0,0,0,0,1,1,0,0,0.38077408,0.7787291,meeting_room,baseline
190,act_66_24,2,3,1,0,0,0,0,1,1,0,0,0.16619185,0.9119969,meeting_room,baseline
191,act_70_9,0,5,1,1,1,1,0,0,0,0,1,0.22967623,0.8795182,meeting_room,baseline
191,act_70_9,1,5,1,1,1,1,0,0,0,0,1,0.11478028,0.9342137,meeting_room,baseline
191,act_70_9,2,5,1,1,1,1,0,0,0,0,1,0.3153704,0.81191576,meeting_room,baseline
192,act_59_11,0,1,0,0,0,0,0,1,0,0,0,0.17651424,0.898807,meeting_room,baseline
192,act_59_11,1,1,0,0,0,0,0,1,0,0,0,0.12473747,0.92947054,meeting_room,baseline
192,act_59_11,2,1,0,0,0,0,0,1,0,0,0,0.30088273,0.82110524,meeting_room,baseline
193,act_60_67,0,1,0,0,0,1,0,0,0,0,0,0.3243529,0.80477417,meeting_room,baseline
193,act_60_67,1,1,0,0,0,1,0,0,0,0,0,0.13673052,0.9217966,meeting_room,baseline
193,act_60_67,2,1,0,0,0,1,0,0,0,0,0,0.15042366,0.91521734,meeting_room,baseline
194,act_63_9,0,2,0,0,0,1,0,0,0,0,1,0.20717359,0.8786636,meeting_room,baseline
194,act_63_9,1,2,0,0,0,1,0,0,0,0,1,0.15678948,0.9090644,meeting_room,baseline
194,act_63_9,2,2,0,0,0,1,0,0,0,0,1,0.5077581,0.6975268,meeting_room,baseline
195,act_70_68,0,2,0,0,0,0,1,1,0,0,0,0.18939984,0.89361507,meeting_room,baseline
195,act_70_68,1,2,0,0,0,0,1,1,0,0,0,0.23575354,0.8597725,meeting_room,baseline
195,act_70_68,2,2,0,0,0,0,1,1,0,0,0,0.22646913,0.87673587,meeting_room,baseline
196,act_63_96,0,1,0,0,0,0,0,1,0,0,0,0.19285455,0.88676137,meeting_room,baseline
196,act_63_96,1,1,0,0,0,0,0,1,0,0,0,0.14739755,0.9165035,meeting_room,baseline
196,act_63_96,2,1,0,0,0,0,0,1,0,0,0,0.11810259,0.9343597,meeting_room,baseline
197,act_55_38,0,1,0,1,0,0,0,0,0,0,0,0.061295442,0.96858937,meeting_room,baseline
197,act_55_38,1,1,0,1,0,0,0,0,0,0,0,0.07066447,0.96325207,meeting_room,baseline
197,act_55_38,2,1,0,1,0,0,0,0,0,0,0,0.069700174,0.96093106,meeting_room,baseline
198,act_60_21,0,1,0,0,1,0,0,0,0,0,0,0.25659856,0.84642005,meeting_room,baseline
198,act_60_21,1,1,0,0,1,0,0,0,0,0,0,0.13978538,0.9211626,meeting_room,baseline
198,act_60_21,2,1,0,0,1,0,0,0,0,0,0,0.10056658,0.9430709,meeting_room,baseline
199,act_69_65,0,2,0,1,1,0,0,0,0,0,0,0.20504127,0.93437576,meeting_room,baseline
199,act_69_65,1,2,0,1,1,0,0,0,0,0,0,0.14209478,0.9300503,meeting_room,baseline
199,act_69_65,2,2,0,1,1,0,0,0,0,0,0,0.11091335,0.93712956,meeting_room,baseline
0,act_64_18,0,3,1,1,0,0,0,0,0,0,1,0.074820094,0.9582112,meeting_room,lejepa
0,act_64_18,1,3,1,1,0,0,0,0,0,0,1,0.17608938,0.89696807,meeting_room,lejepa
0,act_64_18,2,3,1,1,0,0,0,0,0,0,1,0.16180415,0.90545154,meeting_room,lejepa
1,act_63_38,0,2,0,1,0,0,0,1,0,0,0,0.20426336,0.8808919,meeting_room,lejepa
1,act_63_38,1,2,0,1,0,0,0,1,0,0,0,0.21333617,0.87561655,meeting_room,lejepa
1,act_63_38,2,2,0,1,0,0,0,1,0,0,0,0.075384855,0.9572404,meeting_room,lejepa
2,act_71_36,0,5,1,1,1,1,0,0,0,0,1,0.1277137,0.9271814,meeting_room,lejepa
2,act_71_36,1,5,1,1,1,1,0,0,0,0,1,0.26726985,0.8387645,meeting_room,lejepa
2,act_71_36,2,5,1,1,1,1,0,0,0,0,1,0.19194642,0.88740414,meeting_room,lejepa
3,act_58_33,0,1,0,0,0,0,0,0,0,0,1,0.115438566,0.9343427,meeting_room,lejepa
3,act_58_33,1,1,0,0,0,0,0,0,0,0,1,0.11140446,0.9361559,meeting_room,lejepa
3,act_58_33,2,1,0,0,0,0,0,0,0,0,1,0.07711793,0.9563398,meeting_room,lejepa
4,act_57_79,0,1,0,0,0,0,0,0,1,0,0,0.2760232,0.8353532,meeting_room,lejepa
4,act_57_79,1,1,0,0,0,0,0,0,1,0,0,0.07561421,0.95739293,meeting_room,lejepa
4,act_57_79,2,1,0,0,0,0,0,0,1,0,0,0.046597164,0.97960645,meeting_room,lejepa
5,act_59_33,0,1,1,0,0,0,0,0,0,0,0,0.12413184,0.93175644,meeting_room,lejepa
5,act_59_33,1,1,1,0,0,0,0,0,0,0,0,0.097946025,0.94482815,meeting_room,lejepa
5,act_59_33,2,1,1,0,0,0,0,0,0,0,0,0.11990875,0.93277943,meeting_room,lejepa
6,act_62_82,0,1,1,0,0,0,0,0,0,0,0,0.060911417,0.96549624,meeting_room,lejepa
6,act_62_82,1,1,1,0,0,0,0,0,0,0,0,0.056385547,0.9681721,meeting_room,lejepa
6,act_62_82,2,1,1,0,0,0,0,0,0,0,0,0.075446405,0.9572677,meeting_room,lejepa
7,act_58_27,0,1,0,0,1,0,0,0,0,0,0,0.08337608,0.95331115,meeting_room,lejepa
7,act_58_27,1,1,0,0,1,0,0,0,0,0,0,0.0363473,0.9800331,meeting_room,lejepa
7,act_58_27,2,1,0,0,1,0,0,0,0,0,0,0.068535574,0.961322,meeting_room,lejepa
8,act_70_58,0,3,0,0,0,1,1,1,0,0,0,0.0603066,0.96612287,meeting_room,lejepa
8,act_70_58,1,3,0,0,0,1,1,1,0,0,0,0.12261626,0.93094176,meeting_room,lejepa
8,act_70_58,2,3,0,0,0,1,1,1,0,0,0,0.18765494,0.89012647,meeting_room,lejepa
9,act_55_29,0,1,0,1,0,0,0,0,0,0,0,0.0625612,0.96483946,meeting_room,lejepa
9,act_55_29,1,1,0,1,0,0,0,0,0,0,0,0.045147076,0.9746372,meeting_room,lejepa
9,act_55_29,2,1,0,1,0,0,0,0,0,0,0,0.029453686,0.98399574,meeting_room,lejepa
10,act_67_41,0,4,0,0,0,0,1,1,1,1,0,0.42311728,0.74408364,meeting_room,lejepa
10,act_67_41,1,4,0,0,0,0,1,1,1,1,0,0.25747466,0.845727,meeting_room,lejepa
10,act_67_41,2,4,0,0,0,0,1,1,1,1,0,0.18495369,0.8914256,meeting_room,lejepa
11,act_59_67,0,1,0,0,0,0,1,0,0,0,0,0.110407114,0.9372917,meeting_room,lejepa
11,act_59_67,1,1,0,0,0,0,1,0,0,0,0,0.0536574,0.9707751,meeting_room,lejepa
11,act_59_67,2,1,0,0,0,0,1,0,0,0,0,0.08110966,0.95677066,meeting_room,lejepa
12,act_64_20,0,3,0,1,1,1,0,0,0,0,0,0.08537898,0.9523213,meeting_room,lejepa
12,act_64_20,1,3,0,1,1,1,0,0,0,0,0,0.1652515,0.9147354,meeting_room,lejepa
12,act_64_20,2,3,0,1,1,1,0,0,0,0,0,0.09046828,0.9487264,meeting_room,lejepa
13,act_69_95,0,1,0,0,0,0,1,0,0,0,0,0.20124549,0.8814267,meeting_room,lejepa
13,act_69_95,1,1,0,0,0,0,1,0,0,0,0,0.110305704,0.9381325,meeting_room,lejepa
13,act_69_95,2,1,0,0,0,0,1,0,0,0,0,0.13942921,0.9215354,meeting_room,lejepa
14,act_62_71,0,2,0,0,0,0,0,0,0,1,1,0.10319757,0.9412346,meeting_room,lejepa
14,act_62_71,1,2,0,0,0,0,0,0,0,1,1,0.10122193,0.94208187,meeting_room,lejepa
14,act_62_71,2,2,0,0,0,0,0,0,0,1,1,0.058959298,0.96756375,meeting_room,lejepa
15,act_70_23,0,5,0,0,0,0,1,1,1,1,1,0.3156398,0.81765664,meeting_room,lejepa
15,act_70_23,1,5,0,0,0,0,1,1,1,1,1,0.19536342,0.8856497,meeting_room,lejepa
15,act_70_23,2,5,0,0,0,0,1,1,1,1,1,0.079916224,0.95457464,meeting_room,lejepa
16,act_62_95,0,1,0,0,0,0,1,0,0,0,0,0.112402216,0.93726563,meeting_room,lejepa
16,act_62_95,1,1,0,0,0,0,1,0,0,0,0,0.09546928,0.9496045,meeting_room,lejepa
16,act_62_95,2,1,0,0,0,0,1,0,0,0,0,0.093349114,0.950328,meeting_room,lejepa
17,act_65_36,0,3,1,0,1,0,0,0,0,0,1,0.12708338,0.92817134,meeting_room,lejepa
17,act_65_36,1,3,1,0,1,0,0,0,0,0,1,0.090157256,0.94852346,meeting_room,lejepa
17,act_65_36,2,3,1,0,1,0,0,0,0,0,1,0.16082592,0.9103754,meeting_room,lejepa
18,act_67_40,0,4,0,0,0,1,1,1,1,0,0,0.14366814,0.917998,meeting_room,lejepa
18,act_67_40,1,4,0,0,0,1,1,1,1,0,0,0.2498461,0.8571558,meeting_room,lejepa
18,act_67_40,2,4,0,0,0,1,1,1,1,0,0,0.15962264,0.9070168,meeting_room,lejepa
19,act_68_27,0,4,1,0,1,1,0,0,0,0,1,0.1559884,0.9106615,meeting_room,lejepa
19,act_68_27,1,4,1,0,1,1,0,0,0,0,1,0.16832876,0.9032473,meeting_room,lejepa
19,act_68_27,2,4,1,0,1,1,0,0,0,0,1,0.10995585,0.9435984,meeting_room,lejepa
20,act_65_5,0,3,0,0,0,0,1,1,0,1,0,0.13273817,0.9255425,meeting_room,lejepa
20,act_65_5,1,3,0,0,0,0,1,1,0,1,0,0.09005283,0.9507057,meeting_room,lejepa
20,act_65_5,2,3,0,0,0,0,1,1,0,1,0,0.06558199,0.96326166,meeting_room,lejepa
21,act_65_30,0,3,0,0,1,1,0,1,0,0,0,0.099284574,0.9431378,meeting_room,lejepa
21,act_65_30,1,3,0,0,1,1,0,1,0,0,0,0.11375457,0.9355138,meeting_room,lejepa
21,act_65_30,2,3,0,0,1,1,0,1,0,0,0,0.18095557,0.8962339,meeting_room,lejepa
22,act_56_99,0,1,0,0,0,0,0,0,0,0,1,0.15702464,0.9098898,meeting_room,lejepa
22,act_56_99,1,1,0,0,0,0,0,0,0,0,1,0.30175704,0.8343287,meeting_room,lejepa
22,act_56_99,2,1,0,0,0,0,0,0,0,0,1,0.08813559,0.95113873,meeting_room,lejepa
23,act_67_39,0,4,0,0,1,1,1,1,0,0,0,0.09046708,0.95786035,meeting_room,lejepa
23,act_67_39,1,4,0,0,1,1,1,1,0,0,0,0.22396845,0.8671474,meeting_room,lejepa
23,act_67_39,2,4,0,0,1,1,1,1,0,0,0,0.22699246,0.86712414,meeting_room,lejepa
24,act_70_54,0,3,1,1,0,0,0,0,0,0,1,0.2517541,0.8486232,meeting_room,lejepa
24,act_70_54,1,3,1,1,0,0,0,0,0,0,1,0.3936079,0.7542202,meeting_room,lejepa
24,act_70_54,2,3,1,1,0,0,0,0,0,0,1,0.09137312,0.95406264,meeting_room,lejepa
25,act_68_25,0,4,1,1,0,0,0,0,1,1,0,0.121765375,0.9316985,meeting_room,lejepa
25,act_68_25,1,4,1,1,0,0,0,0,1,1,0,0.18418981,0.8925624,meeting_room,lejepa
25,act_68_25,2,4,1,1,0,0,0,0,1,1,0,0.111791745,0.9359508,meeting_room,lejepa
26,act_66_62,0,2,1,0,0,0,0,0,0,1,0,0.41344312,0.7656757,meeting_room,lejepa
26,act_66_62,1,2,1,0,0,0,0,0,0,1,0,0.42249656,0.7284743,meeting_room,lejepa
26,act_66_62,2,2,1,0,0,0,0,0,0,1,0,0.32179657,0.84257406,meeting_room,lejepa
27,act_60_60,0,1,0,0,0,0,0,1,0,0,0,0.14464527,0.91630125,meeting_room,lejepa
27,act_60_60,1,1,0,0,0,0,0,1,0,0,0,0.22376573,0.87507594,meeting_room,lejepa
27,act_60_60,2,1,0,0,0,0,0,1,0,0,0,0.10529792,0.9412474,meeting_room,lejepa
28,act_56_55,0,1,1,0,0,0,0,0,0,0,0,0.08497674,0.95205736,meeting_room,lejepa
28,act_56_55,1,1,1,0,0,0,0,0,0,0,0,0.06681985,0.9627515,meeting_room,lejepa
28,act_56_55,2,1,1,0,0,0,0,0,0,0,0,0.07665737,0.9566227,meeting_room,lejepa
29,act_68_11,0,4,0,1,1,0,1,1,0,0,0,0.16454025,0.9103164,meeting_room,lejepa
29,act_68_11,1,4,0,1,1,0,1,1,0,0,0,0.20016712,0.8886036,meeting_room,lejepa
29,act_68_11,2,4,0,1,1,0,1,1,0,0,0,0.13769394,0.92024106,meeting_room,lejepa
30,act_59_27,0,1,0,0,0,1,0,0,0,0,0,0.06668237,0.9633397,meeting_room,lejepa
30,act_59_27,1,1,0,0,0,1,0,0,0,0,0,0.1954721,0.8924942,meeting_room,lejepa
30,act_59_27,2,1,0,0,0,1,0,0,0,0,0,0.08194973,0.95372486,meeting_room,lejepa
31,act_57_88,0,1,0,0,0,0,0,0,1,0,0,0.097218186,0.9494643,meeting_room,lejepa
31,act_57_88,1,1,0,0,0,0,0,0,1,0,0,0.20863745,0.88116604,meeting_room,lejepa
31,act_57_88,2,1,0,0,0,0,0,0,1,0,0,0.08509676,0.96432287,meeting_room,lejepa
32,act_61_2,0,2,0,1,1,0,0,0,0,0,0,0.11312769,0.93647367,meeting_room,lejepa
32,act_61_2,1,2,0,1,1,0,0,0,0,0,0,0.06595162,0.9629201,meeting_room,lejepa
32,act_61_2,2,2,0,1,1,0,0,0,0,0,0,0.087919734,0.9511416,meeting_room,lejepa
33,act_71_38,0,5,0,1,1,1,1,1,0,0,0,0.24406923,0.85305256,meeting_room,lejepa
33,act_71_38,1,5,0,1,1,1,1,1,0,0,0,0.08810744,0.94973856,meeting_room,lejepa
33,act_71_38,2,5,0,1,1,1,1,1,0,0,0,0.10815501,0.9427362,meeting_room,lejepa
34,act_68_20,0,4,0,1,1,0,1,1,0,0,0,0.118388385,0.93180466,meeting_room,lejepa
34,act_68_20,1,4,0,1,1,0,1,1,0,0,0,0.22544603,0.8776114,meeting_room,lejepa
34,act_68_20,2,4,0,1,1,0,1,1,0,0,0,0.06632917,0.96416414,meeting_room,lejepa
35,act_70_22,0,5,0,0,0,1,1,1,1,1,0,0.08318341,0.9529741,meeting_room,lejepa
35,act_70_22,1,5,0,0,0,1,1,1,1,1,0,0.16650714,0.90314704,meeting_room,lejepa
35,act_70_22,2,5,0,0,0,1,1,1,1,1,0,0.15288872,0.9121315,meeting_room,lejepa
36,act_67_85,0,1,0,0,0,1,0,0,0,0,0,0.061125614,0.96603525,meeting_room,lejepa
36,act_67_85,1,1,0,0,0,1,0,0,0,0,0,0.20566384,0.8837686,meeting_room,lejepa
36,act_67_85,2,1,0,0,0,1,0,0,0,0,0,0.08134945,0.95495886,meeting_room,lejepa
37,act_69_47,0,3,0,1,1,1,0,0,0,0,0,0.11260934,0.935498,meeting_room,lejepa
37,act_69_47,1,3,0,1,1,1,0,0,0,0,0,0.2698611,0.8407351,meeting_room,lejepa
37,act_69_47,2,3,0,1,1,1,0,0,0,0,0,0.10090738,0.94515014,meeting_room,lejepa
38,act_72_1,0,5,1,1,1,1,1,0,0,0,0,0.16759394,0.90270925,meeting_room,lejepa
38,act_72_1,1,5,1,1,1,1,1,0,0,0,0,0.168618,0.90202475,meeting_room,lejepa
38,act_72_1,2,5,1,1,1,1,1,0,0,0,0,0.124112986,0.9331072,meeting_room,lejepa
39,act_57_83,0,1,0,1,0,0,0,0,0,0,0,0.059565306,0.9668212,meeting_room,lejepa
39,act_57_83,1,1,0,1,0,0,0,0,0,0,0,0.034498654,0.98269105,meeting_room,lejepa
39,act_57_83,2,1,0,1,0,0,0,0,0,0,0,0.04106667,0.9780528,meeting_room,lejepa
40,act_60_62,0,1,0,0,0,0,0,0,0,1,0,0.15272394,0.91134596,meeting_room,lejepa
40,act_60_62,1,1,0,0,0,0,0,0,0,1,0,0.12207366,0.9319158,meeting_room,lejepa
40,act_60_62,2,1,0,0,0,0,0,0,0,1,0,0.15986803,0.9108432,meeting_room,lejepa
41,act_56_30,0,1,0,0,0,1,0,0,0,0,0,0.21438594,0.8733776,meeting_room,lejepa
41,act_56_30,1,1,0,0,0,1,0,0,0,0,0,0.20218314,0.88094115,meeting_room,lejepa
41,act_56_30,2,1,0,0,0,1,0,0,0,0,0,0.09401366,0.94747907,meeting_room,lejepa
42,act_68_39,0,4,0,0,1,1,0,1,1,0,0,0.06900498,0.960831,meeting_room,lejepa
42,act_68_39,1,4,0,0,1,1,0,1,1,0,0,0.12922265,0.9256656,meeting_room,lejepa
42,act_68_39,2,4,0,0,1,1,0,1,1,0,0,0.0804838,0.9560846,meeting_room,lejepa
43,act_204_45,0,0,0,0,0,0,0,0,0,0,0,0.027996656,0.984334,meeting_room,lejepa
43,act_204_45,1,0,0,0,0,0,0,0,0,0,0,0.027080204,0.9848224,meeting_room,lejepa
43,act_204_45,2,0,0,0,0,0,0,0,0,0,0,0.04574642,0.97557616,meeting_room,lejepa
44,act_63_47,0,2,0,1,0,1,0,0,0,0,0,0.07675636,0.9575505,meeting_room,lejepa
44,act_63_47,1,2,0,1,0,1,0,0,0,0,0,0.09727807,0.9447255,meeting_room,lejepa
44,act_63_47,2,2,0,1,0,1,0,0,0,0,0,0.1306313,0.92526114,meeting_room,lejepa
45,act_70_87,0,2,0,0,0,0,0,1,1,0,0,0.11601049,0.93327,meeting_room,lejepa
45,act_70_87,1,2,0,0,0,0,0,1,1,0,0,0.07699071,0.9564137,meeting_room,lejepa
45,act_70_87,2,2,0,0,0,0,0,1,1,0,0,0.09346649,0.946962,meeting_room,lejepa
46,act_67_24,0,4,0,0,0,0,0,1,1,1,1,0.09097326,0.949616,meeting_room,lejepa
46,act_67_24,1,4,0,0,0,0,0,1,1,1,1,0.15633404,0.9176326,meeting_room,lejepa
46,act_67_24,2,4,0,0,0,0,0,1,1,1,1,0.03461035,0.9814555,meeting_room,lejepa
47,act_71_77,0,2,0,0,0,0,1,1,0,0,0,0.2651505,0.8462205,meeting_room,lejepa
47,act_71_77,1,2,0,0,0,0,1,1,0,0,0,0.11002329,0.937846,meeting_room,lejepa
47,act_71_77,2,2,0,0,0,0,1,1,0,0,0,0.07897213,0.9552487,meeting_room,lejepa
48,act_58_59,0,1,0,0,0,0,0,1,0,0,0,0.10687637,0.9389678,meeting_room,lejepa
48,act_58_59,1,1,0,0,0,0,0,1,0,0,0,0.08541291,0.952323,meeting_room,lejepa
48,act_58_59,2,1,0,0,0,0,0,1,0,0,0,0.09627236,0.9456506,meeting_room,lejepa
49,act_66_57,0,2,0,0,1,0,1,0,0,0,0,0.27183715,0.83807427,meeting_room,lejepa
49,act_66_57,1,2,0,0,1,0,1,0,0,0,0,0.30305326,0.8224806,meeting_room,lejepa
49,act_66_57,2,2,0,0,1,0,1,0,0,0,0,0.08450917,0.9549897,meeting_room,lejepa
50,act_67_97,0,1,0,0,0,0,0,0,1,0,0,0.09075365,0.9486019,meeting_room,lejepa
50,act_67_97,1,1,0,0,0,0,0,0,1,0,0,0.15488024,0.90995973,meeting_room,lejepa
50,act_67_97,2,1,0,0,0,0,0,0,1,0,0,0.07491627,0.9614417,meeting_room,lejepa
51,act_55_87,0,1,0,0,0,0,0,1,0,0,0,0.2085879,0.87946326,meeting_room,lejepa
51,act_55_87,1,1,0,0,0,0,0,1,0,0,0,0.277219,0.8576111,meeting_room,lejepa
51,act_55_87,2,1,0,0,0,0,0,1,0,0,0,0.078482226,0.95671344,meeting_room,lejepa
52,act_60_27,0,1,0,0,0,0,0,0,0,0,1,0.13816863,0.9226177,meeting_room,lejepa
52,act_60_27,1,1,0,0,0,0,0,0,0,0,1,0.13017683,0.9253493,meeting_room,lejepa
52,act_60_27,2,1,0,0,0,0,0,0,0,0,1,0.15683642,0.9146629,meeting_room,lejepa
53,act_70_70,0,2,0,0,0,0,0,0,1,1,0,0.11125696,0.9405181,meeting_room,lejepa
53,act_70_70,1,2,0,0,0,0,0,0,1,1,0,0.28876215,0.8277545,meeting_room,lejepa
53,act_70_70,2,2,0,0,0,0,0,0,1,1,0,0.08915429,0.94919056,meeting_room,lejepa
54,act_204_66,0,0,0,0,0,0,0,0,0,0,0,0.027397584,0.984716,meeting_room,lejepa
54,act_204_66,1,0,0,0,0,0,0,0,0,0,0,0.024172217,0.98651326,meeting_room,lejepa
54,act_204_66,2,0,0,0,0,0,0,0,0,0,0,0.019089514,0.9896271,meeting_room,lejepa
55,act_61_18,0,2,1,0,0,0,0,0,0,0,1,0.17008859,0.90080976,meeting_room,lejepa
55,act_61_18,1,2,1,0,0,0,0,0,0,0,1,0.048721984,0.9726118,meeting_room,lejepa
55,act_61_18,2,2,1,0,0,0,0,0,0,0,1,0.083081484,0.95264643,meeting_room,lejepa
56,act_60_90,0,1,0,0,0,0,0,0,0,0,1,0.13995099,0.9219868,meeting_room,lejepa
56,act_60_90,1,1,0,0,0,0,0,0,0,0,1,0.28002447,0.8373095,meeting_room,lejepa
56,act_60_90,2,1,0,0,0,0,0,0,0,0,1,0.18092276,0.8941924,meeting_room,lejepa
57,act_59_83,0,1,0,0,1,0,0,0,0,0,0,0.08580283,0.9517095,meeting_room,lejepa
57,act_59_83,1,1,0,0,1,0,0,0,0,0,0,0.06279315,0.9646201,meeting_room,lejepa
57,act_59_83,2,1,0,0,1,0,0,0,0,0,0,0.08508724,0.95261884,meeting_room,lejepa
58,act_62_18,0,2,0,1,1,0,0,0,0,0,0,0.092887,0.9475126,meeting_room,lejepa
58,act_62_18,1,2,0,1,1,0,0,0,0,0,0,0.11617157,0.9335382,meeting_room,lejepa
58,act_62_18,2,2,0,1,1,0,0,0,0,0,0,0.09763053,0.9454211,meeting_room,lejepa
59,act_66_15,0,3,1,0,0,0,0,1,1,0,0,0.14190334,0.9177297,meeting_room,lejepa
59,act_66_15,1,3,1,0,0,0,0,1,1,0,0,0.21919832,0.86973363,meeting_room,lejepa
59,act_66_15,2,3,1,0,0,0,0,1,1,0,0,0.25443548,0.85454845,meeting_room,lejepa
60,act_61_32,0,2,0,0,0,0,1,1,0,0,0,0.16640818,0.9065272,meeting_room,lejepa
60,act_61_32,1,2,0,0,0,0,1,1,0,0,0,0.21971092,0.8693942,meeting_room,lejepa
60,act_61_32,2,2,0,0,0,0,1,1,0,0,0,0.08883064,0.94942164,meeting_room,lejepa
61,act_57_66,0,1,0,0,1,0,0,0,0,0,0,0.18476798,0.89223146,meeting_room,lejepa
61,act_57_66,1,1,0,0,1,0,0,0,0,0,0,0.06298648,0.9654023,meeting_room,lejepa
61,act_57_66,2,1,0,0,1,0,0,0,0,0,0,0.0519678,0.9707962,meeting_room,lejepa
62,act_56_74,0,1,0,1,0,0,0,0,0,0,0,0.12278409,0.9294711,meeting_room,lejepa
62,act_56_74,1,1,0,1,0,0,0,0,0,0,0,0.12566784,0.9283338,meeting_room,lejepa
62,act_56_74,2,1,0,1,0,0,0,0,0,0,0,0.108478025,0.9425182,meeting_room,lejepa
63,act_69_38,0,4,0,1,1,1,0,1,0,0,0,0.06684807,0.9622968,meeting_room,lejepa
63,act_69_38,1,4,0,1,1,1,0,1,0,0,0,0.2251632,0.8661026,meeting_room,lejepa
63,act_69_38,2,4,0,1,1,1,0,1,0,0,0,0.1610858,0.9077893,meeting_room,lejepa
64,act_71_46,0,3,1,1,1,0,0,0,0,0,0,0.08139701,0.9548161,meeting_room,lejepa
64,act_71_46,1,3,1,1,1,0,0,0,0,0,0,0.13172808,0.9238854,meeting_room,lejepa
64,act_71_46,2,3,1,1,1,0,0,0,0,0,0,0.06906981,0.9613997,meeting_room,lejepa
65,act_56_31,0,1,0,0,0,0,1,0,0,0,0,0.09740997,0.94607985,meeting_room,lejepa
65,act_56_31,1,1,0,0,0,0,1,0,0,0,0,0.16713864,0.9024432,meeting_room,lejepa
65,act_56_31,2,1,0,0,0,0,1,0,0,0,0,0.18035607,0.8942608,meeting_room,lejepa
66,act_58_36,0,1,0,0,1,0,0,0,0,0,0,0.10233183,0.94152194,meeting_room,lejepa
66,act_58_36,1,1,0,0,1,0,0,0,0,0,0,0.060782973,0.96596444,meeting_room,lejepa
66,act_58_36,2,1,0,0,1,0,0,0,0,0,0,0.040261686,0.97747225,meeting_room,lejepa
67,act_64_44,0,3,1,0,0,0,0,0,0,1,1,0.1378804,0.95000255,meeting_room,lejepa
67,act_64_44,1,3,1,0,0,0,0,0,0,1,1,0.13029069,0.9254998,meeting_room,lejepa
67,act_64_44,2,3,1,0,0,0,0,0,0,1,1,0.11836487,0.93715453,meeting_room,lejepa
68,act_63_67,0,2,0,0,0,1,1,0,0,0,0,0.24244468,0.85983366,meeting_room,lejepa
68,act_63_67,1,2,0,0,0,1,1,0,0,0,0,0.10425601,0.9426149,meeting_room,lejepa
68,act_63_67,2,2,0,0,0,1,1,0,0,0,0,0.1607536,0.9068501,meeting_room,lejepa
69,act_63_1,0,2,1,0,0,0,1,0,0,0,0,0.08884019,0.9517435,meeting_room,lejepa
69,act_63_1,1,2,1,0,0,0,1,0,0,0,0,0.08516721,0.9519187,meeting_room,lejepa
69,act_63_1,2,2,1,0,0,0,1,0,0,0,0,0.08833164,0.9498533,meeting_room,lejepa
70,act_69_2,0,4,0,1,1,1,0,1,0,0,0,0.28565437,0.8263191,meeting_room,lejepa
70,act_69_2,1,4,0,1,1,1,0,1,0,0,0,0.12562555,0.93165874,meeting_room,lejepa
70,act_69_2,2,4,0,1,1,1,0,1,0,0,0,0.37980935,0.77251726,meeting_room,lejepa
71,act_58_53,0,1,0,0,0,0,0,0,0,0,1,0.21513213,0.8742554,meeting_room,lejepa
71,act_58_53,1,1,0,0,0,0,0,0,0,0,1,0.05451893,0.9703765,meeting_room,lejepa
71,act_58_53,2,1,0,0,0,0,0,0,0,0,1,0.09928964,0.9457556,meeting_room,lejepa
72,act_56_93,0,1,0,0,1,0,0,0,0,0,0,0.116721086,0.93487436,meeting_room,lejepa
72,act_56_93,1,1,0,0,1,0,0,0,0,0,0,0.07285886,0.96102566,meeting_room,lejepa
72,act_56_93,2,1,0,0,1,0,0,0,0,0,0,0.06964552,0.9607979,meeting_room,lejepa
73,act_55_22,0,1,0,0,0,1,0,0,0,0,0,0.06315293,0.96485066,meeting_room,lejepa
73,act_55_22,1,1,0,0,0,1,0,0,0,0,0,0.068389475,0.96186197,meeting_room,lejepa
73,act_55_22,2,1,0,0,0,1,0,0,0,0,0,0.094799004,0.95220035,meeting_room,lejepa
74,act_72_36,0,5,1,1,1,1,0,0,0,0,1,0.31932688,0.8183026,meeting_room,lejepa
74,act_72_36,1,5,1,1,1,1,0,0,0,0,1,0.32653126,0.8047389,meeting_room,lejepa
74,act_72_36,2,5,1,1,1,1,0,0,0,0,1,0.10886993,0.9406552,meeting_room,lejepa
75,act_57_99,0,1,0,0,0,0,0,0,0,0,1,0.12158207,0.93007797,meeting_room,lejepa
75,act_57_99,1,1,0,0,0,0,0,0,0,0,1,0.29260457,0.83155656,meeting_room,lejepa
75,act_57_99,2,1,0,0,0,0,0,0,0,0,1,0.05155769,0.97650856,meeting_room,lejepa
76,act_63_21,0,2,0,0,1,0,0,0,1,0,0,0.12877841,0.926196,meeting_room,lejepa
76,act_63_21,1,2,0,0,1,0,0,0,1,0,0,0.190094,0.889034,meeting_room,lejepa
76,act_63_21,2,2,0,0,1,0,0,0,1,0,0,0.13070181,0.924589,meeting_room,lejepa
77,act_61_89,0,1,0,0,0,0,0,0,0,1,0,0.10670075,0.9396203,meeting_room,lejepa
77,act_61_89,1,1,0,0,0,0,0,0,0,1,0,0.114234485,0.93622786,meeting_room,lejepa
77,act_61_89,2,1,0,0,0,0,0,0,0,1,0,0.13665059,0.92209196,meeting_room,lejepa
78,act_61_77,0,1,0,0,0,0,1,0,0,0,0,0.14044687,0.91856,meeting_room,lejepa
78,act_61_77,1,1,0,0,0,0,1,0,0,0,0,0.14044747,0.91957045,meeting_room,lejepa
78,act_61_77,2,1,0,0,0,0,1,0,0,0,0,0.13345513,0.9234396,meeting_room,lejepa
79,act_68_93,0,1,0,0,1,0,0,0,0,0,0,0.13790156,0.9198503,meeting_room,lejepa
79,act_68_93,1,1,0,0,1,0,0,0,0,0,0,0.35244587,0.7882827,meeting_room,lejepa
79,act_68_93,2,1,0,0,1,0,0,0,0,0,0,0.13215919,0.9236196,meeting_room,lejepa
80,act_72_52,0,3,0,0,0,0,0,0,1,1,1,0.11036049,0.93786395,meeting_room,lejepa
80,act_72_52,1,3,0,0,0,0,0,0,1,1,1,0.5957755,0.6533179,meeting_room,lejepa
80,act_72_52,2,3,0,0,0,0,0,0,1,1,1,0.108727545,0.9376953,meeting_room,lejepa
81,act_57_85,0,1,0,0,0,1,0,0,0,0,0,0.28593987,0.83534104,meeting_room,lejepa
81,act_57_85,1,1,0,0,0,1,0,0,0,0,0,0.090735614,0.94834226,meeting_room,lejepa
81,act_57_85,2,1,0,0,0,1,0,0,0,0,0,0.060190253,0.96627903,meeting_room,lejepa
82,act_69_57,0,3,0,0,1,1,1,0,0,0,0,0.084310144,0.95204514,meeting_room,lejepa
82,act_69_57,1,3,0,0,1,1,1,0,0,0,0,0.1589704,0.9072012,meeting_room,lejepa
82,act_69_57,2,3,0,0,1,1,1,0,0,0,0,0.33199996,0.81022865,meeting_room,lejepa
83,act_69_34,0,4,0,1,0,0,0,0,1,1,1,0.13170336,0.9239854,meeting_room,lejepa
83,act_69_34,1,4,0,1,0,0,0,0,1,1,1,0.14421047,0.9174832,meeting_room,lejepa
83,act_69_34,2,4,0,1,0,0,0,0,1,1,1,0.14826813,0.91369855,meeting_room,lejepa
84,act_67_54,0,2,1,0,0,0,0,0,0,0,1,0.2931921,0.8210857,meeting_room,lejepa
84,act_67_54,1,2,1,0,0,0,0,0,0,0,1,0.07997268,0.9574735,meeting_room,lejepa
84,act_67_54,2,2,1,0,0,0,0,0,0,0,1,0.098884575,0.94605404,meeting_room,lejepa
85,act_62_19,0,2,0,0,1,1,0,0,0,0,0,0.09138015,0.9482277,meeting_room,lejepa
85,act_62_19,1,2,0,0,1,1,0,0,0,0,0,0.14842945,0.91455877,meeting_room,lejepa
85,act_62_19,2,2,0,0,1,1,0,0,0,0,0,0.1399276,0.92026323,meeting_room,lejepa
86,act_63_19,0,2,1,0,0,0,1,0,0,0,0,0.2841933,0.84482926,meeting_room,lejepa
86,act_63_19,1,2,1,0,0,0,1,0,0,0,0,0.091307595,0.95089114,meeting_room,lejepa
86,act_63_19,2,2,1,0,0,0,1,0,0,0,0,0.10108863,0.94543767,meeting_room,lejepa
87,act_65_89,0,1,0,0,0,0,0,0,0,1,0,0.086609855,0.95288676,meeting_room,lejepa
87,act_65_89,1,1,0,0,0,0,0,0,0,1,0,0.23127072,0.8643836,meeting_room,lejepa
87,act_65_89,2,1,0,0,0,0,0,0,0,1,0,0.222928,0.86897016,meeting_room,lejepa
88,act_67_18,0,4,1,1,1,0,0,0,0,0,1,0.11425318,0.93556607,meeting_room,lejepa
88,act_67_18,1,4,1,1,1,0,0,0,0,0,1,0.1057362,0.93996996,meeting_room,lejepa
88,act_67_18,2,4,1,1,1,0,0,0,0,0,1,0.15717807,0.90863705,meeting_room,lejepa
89,act_67_12,0,4,0,0,1,1,1,1,0,0,0,0.105218925,0.94046324,meeting_room,lejepa
89,act_67_12,1,4,0,0,1,1,1,1,0,0,0,0.10999814,0.9380095,meeting_room,lejepa
89,act_67_12,2,4,0,0,1,1,1,1,0,0,0,0.21215305,0.8750925,meeting_room,lejepa
90,act_61_54,0,1,0,0,0,0,0,0,0,0,1,0.15884988,0.9086601,meeting_room,lejepa
90,act_61_54,1,1,0,0,0,0,0,0,0,0,1,0.13938916,0.92027456,meeting_room,lejepa
90,act_61_54,2,1,0,0,0,0,0,0,0,0,1,0.13178651,0.9284198,meeting_room,lejepa
91,act_58_51,0,1,0,0,0,0,0,0,1,0,0,0.14482287,0.9172534,meeting_room,lejepa
91,act_58_51,1,1,0,0,0,0,0,0,1,0,0,0.08254954,0.95421016,meeting_room,lejepa
91,act_58_51,2,1,0,0,0,0,0,0,1,0,0,0.040246475,0.9779958,meeting_room,lejepa
92,act_67_47,0,2,0,1,1,0,0,0,0,0,0,0.13964067,0.923386,meeting_room,lejepa
92,act_67_47,1,2,0,1,1,0,0,0,0,0,0,0.10095306,0.94336206,meeting_room,lejepa
92,act_67_47,2,2,0,1,1,0,0,0,0,0,0,0.101626694,0.9422093,meeting_room,lejepa
93,act_65_79,0,2,0,0,0,0,0,0,1,1,0,0.121067464,0.9302548,meeting_room,lejepa
93,act_65_79,1,2,0,0,0,0,0,0,1,1,0,0.09054284,0.9489039,meeting_room,lejepa
93,act_65_79,2,2,0,0,0,0,0,0,1,1,0,0.06948895,0.96161515,meeting_room,lejepa
94,act_64_12,0,3,0,0,1,1,1,0,0,0,0,0.25305447,0.85994613,meeting_room,lejepa
94,act_64_12,1,3,0,0,1,1,1,0,0,0,0,0.19928776,0.88261783,meeting_room,lejepa
94,act_64_12,2,3,0,0,1,1,1,0,0,0,0,0.1931631,0.8874578,meeting_room,lejepa
95,act_56_83,0,1,0,1,0,0,0,0,0,0,0,0.07032777,0.9601467,meeting_room,lejepa
95,act_56_83,1,1,0,1,0,0,0,0,0,0,0,0.13677683,0.9276212,meeting_room,lejepa
95,act_56_83,2,1,0,1,0,0,0,0,0,0,0,0.124258295,0.9363761,meeting_room,lejepa
96,act_57_24,0,1,0,0,0,0,0,0,0,1,0,0.11924238,0.93310636,meeting_room,lejepa
96,act_57_24,1,1,0,0,0,0,0,0,0,1,0,0.27220193,0.8376708,meeting_room,lejepa
96,act_57_24,2,1,0,0,0,0,0,0,0,1,0,0.16986006,0.9038567,meeting_room,lejepa
97,act_55_62,0,1,0,0,0,0,0,0,0,1,0,0.20295912,0.88416517,meeting_room,lejepa
97,act_55_62,1,1,0,0,0,0,0,0,0,1,0,0.10257657,0.9414304,meeting_room,lejepa
97,act_55_62,2,1,0,0,0,0,0,0,0,1,0,0.0940815,0.9463655,meeting_room,lejepa
98,act_60_46,0,1,1,0,0,0,0,0,0,0,0,0.053273313,0.9700092,meeting_room,lejepa
98,act_60_46,1,1,1,0,0,0,0,0,0,0,0,0.18552397,0.8936007,meeting_room,lejepa
98,act_60_46,2,1,1,0,0,0,0,0,0,0,0,0.117732584,0.94172376,meeting_room,lejepa
99,act_55_45,0,1,0,0,0,0,0,0,0,0,1,0.1334976,0.92397213,meeting_room,lejepa
99,act_55_45,1,1,0,0,0,0,0,0,0,0,1,0.14041637,0.9210859,meeting_room,lejepa
99,act_55_45,2,1,0,0,0,0,0,0,0,0,1,0.07121936,0.960929,meeting_room,lejepa
100,act_63_85,0,2,0,0,0,1,1,0,0,0,0,0.20778507,0.8770107,meeting_room,lejepa
100,act_63_85,1,2,0,0,0,1,1,0,0,0,0,0.1478691,0.91530764,meeting_room,lejepa
100,act_63_85,2,2,0,0,0,1,1,0,0,0,0,0.07198532,0.9592425,meeting_room,lejepa
101,act_71_5,0,5,0,0,0,0,1,1,1,1,1,0.14233062,0.91914904,meeting_room,lejepa
101,act_71_5,1,5,0,0,0,0,1,1,1,1,1,0.19185048,0.88981515,meeting_room,lejepa
101,act_71_5,2,5,0,0,0,0,1,1,1,1,1,0.20741844,0.87667656,meeting_room,lejepa
102,act_58_63,0,1,1,0,0,0,0,0,0,0,0,0.07051378,0.9603613,meeting_room,lejepa
102,act_58_63,1,1,1,0,0,0,0,0,0,0,0,0.037638046,0.97910583,meeting_room,lejepa
102,act_58_63,2,1,1,0,0,0,0,0,0,0,0,0.06246432,0.96517193,meeting_room,lejepa
103,act_204_83,0,0,0,0,0,0,0,0,0,0,0,0.047909006,0.9737755,meeting_room,lejepa
103,act_204_83,1,0,0,0,0,0,0,0,0,0,0,0.021881673,0.9878706,meeting_room,lejepa
103,act_204_83,2,0,0,0,0,0,0,0,0,0,0,0.030956445,0.9827511,meeting_room,lejepa
104,act_57_8,0,1,1,0,0,0,0,0,0,0,0,0.04450437,0.9749105,meeting_room,lejepa
104,act_57_8,1,1,1,0,0,0,0,0,0,0,0,0.054182135,0.9695344,meeting_room,lejepa
104,act_57_8,2,1,1,0,0,0,0,0,0,0,0,0.085402735,0.9513196,meeting_room,lejepa
105,act_67_98,0,1,0,0,0,0,0,0,0,1,0,0.10152034,0.94246536,meeting_room,lejepa
105,act_67_98,1,1,0,0,0,0,0,0,0,1,0,0.23129162,0.8623551,meeting_room,lejepa
105,act_67_98,2,1,0,0,0,0,0,0,0,1,0,0.24662349,0.8543317,meeting_room,lejepa
106,act_65_80,0,2,0,0,0,0,0,0,0,1,1,0.072323896,0.9624894,meeting_room,lejepa
106,act_65_80,1,2,0,0,0,0,0,0,0,1,1,0.1752168,0.89832705,meeting_room,lejepa
106,act_65_80,2,2,0,0,0,0,0,0,0,1,1,0.10633959,0.93931997,meeting_room,lejepa
107,act_65_46,0,2,1,1,0,0,0,0,0,0,0,0.18124929,0.8937466,meeting_room,lejepa
107,act_65_46,1,2,1,1,0,0,0,0,0,0,0,0.072712265,0.96069765,meeting_room,lejepa
107,act_65_46,2,2,1,1,0,0,0,0,0,0,0,0.2234683,0.8679616,meeting_room,lejepa
108,act_68_19,0,4,1,1,0,1,1,0,0,0,0,0.08884393,0.9515806,meeting_room,lejepa
108,act_68_19,1,4,1,1,0,1,1,0,0,0,0,0.08074264,0.9543492,meeting_room,lejepa
108,act_68_19,2,4,1,1,0,1,1,0,0,0,0,0.15874448,0.9075534,meeting_room,lejepa
109,act_58_52,0,1,0,0,0,0,0,0,0,1,0,0.040500127,0.97732484,meeting_room,lejepa
109,act_58_52,1,1,0,0,0,0,0,0,0,1,0,0.115232244,0.934899,meeting_room,lejepa
109,act_58_52,2,1,0,0,0,0,0,0,0,1,0,0.055278182,0.9688812,meeting_room,lejepa
110,act_62_45,0,2,0,1,1,0,0,0,0,0,0,0.121225774,0.93387955,meeting_room,lejepa
110,act_62_45,1,2,0,1,1,0,0,0,0,0,0,0.08979344,0.94897497,meeting_room,lejepa
110,act_62_45,2,2,0,1,1,0,0,0,0,0,0,0.1091152,0.93806136,meeting_room,lejepa
111,act_204_18,0,0,0,0,0,0,0,0,0,0,0,0.017076638,0.9906492,meeting_room,lejepa
111,act_204_18,1,0,0,0,0,0,0,0,0,0,0,0.016018635,0.9911725,meeting_room,lejepa
111,act_204_18,2,0,0,0,0,0,0,0,0,0,0,0.025693156,0.98565143,meeting_room,lejepa
112,act_63_95,0,1,0,0,0,0,1,0,0,0,0,0.1742647,0.89991105,meeting_room,lejepa
112,act_63_95,1,1,0,0,0,0,1,0,0,0,0,0.10102077,0.9422495,meeting_room,lejepa
112,act_63_95,2,1,0,0,0,0,1,0,0,0,0,0.10318673,0.940997,meeting_room,lejepa
113,act_66_8,0,3,0,0,1,0,0,0,0,1,1,0.12723184,0.926525,meeting_room,lejepa
113,act_66_8,1,3,0,0,1,0,0,0,0,1,1,0.16913632,0.9089715,meeting_room,lejepa
113,act_66_8,2,3,0,0,1,0,0,0,0,1,1,0.12111808,0.94353294,meeting_room,lejepa
114,act_69_54,0,3,1,1,0,0,0,0,0,0,1,0.17683214,0.9018982,meeting_room,lejepa
114,act_69_54,1,3,1,1,0,0,0,0,0,0,1,0.19616197,0.888457,meeting_room,lejepa
114,act_69_54,2,3,1,1,0,0,0,0,0,0,1,0.11212503,0.9355978,meeting_room,lejepa
115,act_63_11,0,2,0,1,0,0,0,1,0,0,0,0.13624446,0.9221205,meeting_room,lejepa
115,act_63_11,1,2,0,1,0,0,0,1,0,0,0,0.094713874,0.9459322,meeting_room,lejepa
115,act_63_11,2,2,0,1,0,0,0,1,0,0,0,0.15729113,0.9084471,meeting_room,lejepa
116,act_72_10,0,5,1,1,1,1,1,0,0,0,0,0.330135,0.8047524,meeting_room,lejepa
116,act_72_10,1,5,1,1,1,1,1,0,0,0,0,0.14851297,0.9210161,meeting_room,lejepa
116,act_72_10,2,5,1,1,1,1,1,0,0,0,0,0.0757827,0.9594215,meeting_room,lejepa
117,act_61_10,0,2,1,1,0,0,0,0,0,0,0,0.17523849,0.8996429,meeting_room,lejepa
117,act_61_10,1,2,1,1,0,0,0,0,0,0,0,0.14517486,0.9291942,meeting_room,lejepa
117,act_61_10,2,2,1,1,0,0,0,0,0,0,0,0.09566161,0.9498309,meeting_room,lejepa
118,act_65_48,0,2,0,0,1,1,0,0,0,0,0,0.14340708,0.91976094,meeting_room,lejepa
118,act_65_48,1,2,0,0,1,1,0,0,0,0,0,0.09571399,0.9451739,meeting_room,lejepa
118,act_65_48,2,2,0,0,1,1,0,0,0,0,0,0.06699774,0.9620722,meeting_room,lejepa
119,act_62_50,0,1,0,0,0,0,0,1,0,0,0,0.14240703,0.9178507,meeting_room,lejepa
119,act_62_50,1,1,0,0,0,0,0,1,0,0,0,0.08695561,0.9505714,meeting_room,lejepa
119,act_62_50,2,1,0,0,0,0,0,1,0,0,0,0.055916235,0.9689918,meeting_room,lejepa
120,act_58_6,0,1,0,0,0,0,0,0,0,0,1,0.15333842,0.9109846,meeting_room,lejepa
120,act_58_6,1,1,0,0,0,0,0,0,0,0,1,0.15698451,0.90949565,meeting_room,lejepa
120,act_58_6,2,1,0,0,0,0,0,0,0,0,1,0.07129267,0.9596099,meeting_room,lejepa
121,act_67_34,0,4,1,0,0,0,0,0,1,1,1,0.08303957,0.9535632,meeting_room,lejepa
121,act_67_34,1,4,1,0,0,0,0,0,1,1,1,0.16460744,0.90413743,meeting_room,lejepa
121,act_67_34,2,4,1,0,0,0,0,0,1,1,1,0.12958434,0.92922497,meeting_room,lejepa
122,act_57_13,0,1,0,0,0,0,0,1,0,0,0,0.3571119,0.8033484,meeting_room,lejepa
122,act_57_13,1,1,0,0,0,0,0,1,0,0,0,0.13881719,0.9196091,meeting_room,lejepa
122,act_57_13,2,1,0,0,0,0,0,1,0,0,0,0.111251205,0.9395568,meeting_room,lejepa
123,act_69_52,0,3,0,0,0,0,0,0,1,1,1,0.32883775,0.810627,meeting_room,lejepa
123,act_69_52,1,3,0,0,0,0,0,0,1,1,1,0.09076615,0.94939333,meeting_room,lejepa
123,act_69_52,2,3,0,0,0,0,0,0,1,1,1,0.1391181,0.9213378,meeting_room,lejepa
124,act_65_98,0,1,0,0,0,0,0,0,0,1,0,0.122699276,0.9294251,meeting_room,lejepa
124,act_65_98,1,1,0,0,0,0,0,0,0,1,0,0.22658052,0.8652967,meeting_room,lejepa
124,act_65_98,2,1,0,0,0,0,0,0,0,1,0,0.1138453,0.94361943,meeting_room,lejepa
125,act_58_21,0,1,0,0,0,0,0,1,0,0,0,0.081560306,0.95390075,meeting_room,lejepa
125,act_58_21,1,1,0,0,0,0,0,1,0,0,0,0.20993754,0.87819123,meeting_room,lejepa
125,act_58_21,2,1,0,0,0,0,0,1,0,0,0,0.09255692,0.9473741,meeting_room,lejepa
126,act_62_2,0,2,0,0,0,1,1,0,0,0,0,0.21523893,0.87478566,meeting_room,lejepa
126,act_62_2,1,2,0,0,0,1,1,0,0,0,0,0.1576665,0.9096489,meeting_room,lejepa
126,act_62_2,2,2,0,0,0,1,1,0,0,0,0,0.14486489,0.920848,meeting_room,lejepa
127,act_65_4,0,3,0,0,0,1,1,0,1,0,0,0.03769446,0.979203,meeting_room,lejepa
127,act_65_4,1,3,0,0,0,1,1,0,1,0,0,0.09839019,0.9436054,meeting_room,lejepa
127,act_65_4,2,3,0,0,0,1,1,0,1,0,0,0.09483436,0.95493823,meeting_room,lejepa
128,act_70_4,0,5,0,0,0,1,1,1,1,1,0,0.11908089,0.9334416,meeting_room,lejepa
128,act_70_4,1,5,0,0,0,1,1,1,1,1,0,0.16464716,0.9056692,meeting_room,lejepa
128,act_70_4,2,5,0,0,0,1,1,1,1,1,0,0.122490495,0.9311124,meeting_room,lejepa
129,act_62_93,0,1,0,0,1,0,0,0,0,0,0,0.24948406,0.8620795,meeting_room,lejepa
129,act_62_93,1,1,0,0,1,0,0,0,0,0,0,0.042444453,0.97620726,meeting_room,lejepa
129,act_62_93,2,1,0,0,1,0,0,0,0,0,0,0.0688653,0.9616319,meeting_room,lejepa
130,act_65_47,0,2,0,1,1,0,0,0,0,0,0,0.13048278,0.924628,meeting_room,lejepa
130,act_65_47,1,2,0,1,1,0,0,0,0,0,0,0.047805622,0.9730727,meeting_room,lejepa
130,act_65_47,2,2,0,1,1,0,0,0,0,0,0,0.04155252,0.97674626,meeting_room,lejepa
131,act_64_35,0,3,1,0,0,0,0,0,0,1,1,0.18819699,0.89383334,meeting_room,lejepa
131,act_64_35,1,3,1,0,0,0,0,0,0,1,1,0.22325459,0.8669448,meeting_room,lejepa
131,act_64_35,2,3,1,0,0,0,0,0,0,1,1,0.13220745,0.92419696,meeting_room,lejepa
132,act_59_58,0,1,0,0,0,0,0,1,0,0,0,0.09178245,0.9484374,meeting_room,lejepa
132,act_59_58,1,1,0,0,0,0,0,1,0,0,0,0.10435328,0.940363,meeting_room,lejepa
132,act_59_58,2,1,0,0,0,0,0,1,0,0,0,0.1859598,0.89662105,meeting_room,lejepa
133,act_56_56,0,1,0,1,0,0,0,0,0,0,0,0.3506638,0.7847367,meeting_room,lejepa
133,act_56_56,1,1,0,1,0,0,0,0,0,0,0,0.11847093,0.9369739,meeting_room,lejepa
133,act_56_56,2,1,0,1,0,0,0,0,0,0,0,0.13695064,0.9233959,meeting_room,lejepa
134,act_57_49,0,1,0,0,0,0,1,0,0,0,0,0.081261516,0.9547171,meeting_room,lejepa
134,act_57_49,1,1,0,0,0,0,1,0,0,0,0,0.17326671,0.9062319,meeting_room,lejepa
134,act_57_49,2,1,0,0,0,0,1,0,0,0,0,0.0911265,0.96103024,meeting_room,lejepa
135,act_58_50,0,1,0,0,0,0,0,1,0,0,0,0.08752349,0.952022,meeting_room,lejepa
135,act_58_50,1,1,0,0,0,0,0,1,0,0,0,0.12161578,0.9306601,meeting_room,lejepa
135,act_58_50,2,1,0,0,0,0,0,1,0,0,0,0.05588158,0.97020555,meeting_room,lejepa
136,act_57_87,0,1,0,0,0,0,0,1,0,0,0,0.095763385,0.9471465,meeting_room,lejepa
136,act_57_87,1,1,0,0,0,0,0,1,0,0,0,0.081713274,0.9607031,meeting_room,lejepa
136,act_57_87,2,1,0,0,0,0,0,1,0,0,0,0.06622115,0.9625039,meeting_room,lejepa
137,act_57_78,0,1,0,0,0,0,0,1,0,0,0,0.29692096,0.83217454,meeting_room,lejepa
137,act_57_78,1,1,0,0,0,0,0,1,0,0,0,0.12017124,0.9313624,meeting_room,lejepa
137,act_57_78,2,1,0,0,0,0,0,1,0,0,0,0.112197764,0.935594,meeting_room,lejepa
138,act_70_45,0,5,1,1,1,1,0,0,0,0,1,0.11111346,0.93743783,meeting_room,lejepa
138,act_70_45,1,5,1,1,1,1,0,0,0,0,1,0.05128197,0.9723619,meeting_room,lejepa
138,act_70_45,2,5,1,1,1,1,0,0,0,0,1,0.046918664,0.97469187,meeting_room,lejepa
139,act_60_66,0,1,0,0,1,0,0,0,0,0,0,0.18349892,0.89237785,meeting_room,lejepa
139,act_60_66,1,1,0,0,1,0,0,0,0,0,0,0.060318656,0.9660332,meeting_room,lejepa
139,act_60_66,2,1,0,0,1,0,0,0,0,0,0,0.19824454,0.8835374,meeting_room,lejepa
140,act_66_92,0,1,0,1,0,0,0,0,0,0,0,0.17464508,0.91534656,meeting_room,lejepa
140,act_66_92,1,1,0,1,0,0,0,0,0,0,0,0.13252553,0.9234881,meeting_room,lejepa
140,act_66_92,2,1,0,1,0,0,0,0,0,0,0,0.07374261,0.95873445,meeting_room,lejepa
141,act_70_10,0,5,1,1,1,1,1,0,0,0,0,0.11900193,0.9410438,meeting_room,lejepa
141,act_70_10,1,5,1,1,1,1,1,0,0,0,0,0.17797221,0.8964513,meeting_room,lejepa
141,act_70_10,2,5,1,1,1,1,1,0,0,0,0,0.08160441,0.95665544,meeting_room,lejepa
142,act_68_14,0,4,0,0,0,0,1,1,0,1,1,0.2967244,0.8238639,meeting_room,lejepa
142,act_68_14,1,4,0,0,0,0,1,1,0,1,1,0.16526231,0.90341246,meeting_room,lejepa
142,act_68_14,2,4,0,0,0,0,1,1,0,1,1,0.18436588,0.8982968,meeting_room,lejepa
143,act_65_43,0,3,1,0,0,0,0,0,1,1,0,0.10165982,0.9417767,meeting_room,lejepa
143,act_65_43,1,3,1,0,0,0,0,0,1,1,0,0.049807753,0.97248375,meeting_room,lejepa
143,act_65_43,2,3,1,0,0,0,0,0,1,1,0,0.12354942,0.93021923,meeting_room,lejepa
144,act_71_21,0,5,0,0,1,1,1,1,1,0,0,0.16698818,0.9054345,meeting_room,lejepa
144,act_71_21,1,5,0,0,1,1,1,1,1,0,0,0.17471132,0.8984319,meeting_room,lejepa
144,act_71_21,2,5,0,0,1,1,1,1,1,0,0,0.1145082,0.9397952,meeting_room,lejepa
145,act_66_5,0,3,0,0,0,0,1,1,0,0,1,0.07907743,0.95742476,meeting_room,lejepa
145,act_66_5,1,3,0,0,0,0,1,1,0,0,1,0.25964943,0.84361136,meeting_room,lejepa
145,act_66_5,2,3,0,0,0,0,1,1,0,0,1,0.08016656,0.95566535,meeting_room,lejepa
146,act_55_99,0,1,0,0,0,0,0,0,0,0,1,0.11455029,0.938685,meeting_room,lejepa
146,act_55_99,1,1,0,0,0,0,0,0,0,0,1,0.40289605,0.7570616,meeting_room,lejepa
146,act_55_99,2,1,0,0,0,0,0,0,0,0,1,0.09045818,0.94846725,meeting_room,lejepa
147,act_72_46,0,3,1,1,1,0,0,0,0,0,0,0.117437296,0.9334306,meeting_room,lejepa
147,act_72_46,1,3,1,1,1,0,0,0,0,0,0,0.37546906,0.76372784,meeting_room,lejepa
147,act_72_46,2,3,1,1,1,0,0,0,0,0,0,0.10205304,0.9485094,meeting_room,lejepa
148,act_70_97,0,1,0,0,0,0,0,0,1,0,0,0.23304757,0.86114204,meeting_room,lejepa
148,act_70_97,1,1,0,0,0,0,0,0,1,0,0,0.16957435,0.90100586,meeting_room,lejepa
148,act_70_97,2,1,0,0,0,0,0,0,1,0,0,0.09821342,0.9449111,meeting_room,lejepa
149,act_66_69,0,2,0,0,0,0,0,1,1,0,0,0.0971147,0.94601494,meeting_room,lejepa
149,act_66_69,1,2,0,0,0,0,0,1,1,0,0,0.11274113,0.9358514,meeting_room,lejepa
149,act_66_69,2,2,0,0,0,0,0,1,1,0,0,0.106846005,0.93886244,meeting_room,lejepa
150,act_66_36,0,3,1,0,0,1,0,0,0,0,1,0.098319784,0.9437879,meeting_room,lejepa
150,act_66_36,1,3,1,0,0,1,0,0,0,0,1,0.112188585,0.93612117,meeting_room,lejepa
150,act_66_36,2,3,1,0,0,1,0,0,0,0,1,0.11165351,0.94160384,meeting_room,lejepa
151,act_71_32,0,5,0,0,0,0,1,1,1,1,1,0.19512409,0.88944197,meeting_room,lejepa
151,act_71_32,1,5,0,0,0,0,1,1,1,1,1,0.48022056,0.68860817,meeting_room,lejepa
151,act_71_32,2,5,0,0,0,0,1,1,1,1,1,0.35560894,0.7827859,meeting_room,lejepa
152,act_68_44,0,4,0,1,1,0,0,0,0,1,1,0.080767885,0.95539635,meeting_room,lejepa
152,act_68_44,1,4,0,1,1,0,0,0,0,1,1,0.13862917,0.91953266,meeting_room,lejepa
152,act_68_44,2,4,0,1,1,0,0,0,0,1,1,0.16444328,0.90369594,meeting_room,lejepa
153,act_60_59,0,1,0,0,0,0,1,0,0,0,0,0.20098707,0.8830588,meeting_room,lejepa
153,act_60_59,1,1,0,0,0,0,1,0,0,0,0,0.12991594,0.9272824,meeting_room,lejepa
153,act_60_59,2,1,0,0,0,0,1,0,0,0,0,0.074342474,0.9581733,meeting_room,lejepa
154,act_64_94,0,1,0,0,0,1,0,0,0,0,0,0.07393579,0.9582766,meeting_room,lejepa
154,act_64_94,1,1,0,0,0,1,0,0,0,0,0,0.19783023,0.88468003,meeting_room,lejepa
154,act_64_94,2,1,0,0,0,1,0,0,0,0,0,0.15520877,0.9104027,meeting_room,lejepa
155,act_67_44,0,4,1,1,0,0,0,0,0,1,1,0.21384688,0.8730735,meeting_room,lejepa
155,act_67_44,1,4,1,1,0,0,0,0,0,1,1,0.114483945,0.9364146,meeting_room,lejepa
155,act_67_44,2,4,1,1,0,0,0,0,0,1,1,0.058342926,0.97475255,meeting_room,lejepa
156,act_55_98,0,1,0,0,0,0,0,0,0,1,0,0.0840967,0.95254695,meeting_room,lejepa
156,act_55_98,1,1,0,0,0,0,0,0,0,1,0,0.20008771,0.88345397,meeting_room,lejepa
156,act_55_98,2,1,0,0,0,0,0,0,0,1,0,0.15083686,0.912371,meeting_room,lejepa
157,act_70_92,0,1,0,1,0,0,0,0,0,0,0,0.13705361,0.9287315,meeting_room,lejepa
157,act_70_92,1,1,0,1,0,0,0,0,0,0,0,0.10737485,0.939037,meeting_room,lejepa
157,act_70_92,2,1,0,1,0,0,0,0,0,0,0,0.056652896,0.96879303,meeting_room,lejepa
158,act_58_98,0,1,0,0,0,0,0,0,0,1,0,0.069113865,0.9610986,meeting_room,lejepa
158,act_58_98,1,1,0,0,0,0,0,0,0,1,0,0.06078169,0.96569395,meeting_room,lejepa
158,act_58_98,2,1,0,0,0,0,0,0,0,1,0,0.12462574,0.9294188,meeting_room,lejepa
159,act_67_92,0,1,0,1,0,0,0,0,0,0,0,0.061099418,0.9679486,meeting_room,lejepa
159,act_67_92,1,1,0,1,0,0,0,0,0,0,0,0.06389505,0.96416175,meeting_room,lejepa
159,act_67_92,2,1,0,1,0,0,0,0,0,0,0,0.055518314,0.9759398,meeting_room,lejepa
160,act_63_65,0,2,0,1,1,0,0,0,0,0,0,0.076389834,0.95815516,meeting_room,lejepa
160,act_63_65,1,2,0,1,1,0,0,0,0,0,0,0.13644975,0.9221839,meeting_room,lejepa
160,act_63_65,2,2,0,1,1,0,0,0,0,0,0,0.13964354,0.92068803,meeting_room,lejepa
161,act_56_47,0,1,0,1,0,0,0,0,0,0,0,0.1346603,0.92492497,meeting_room,lejepa
161,act_56_47,1,1,0,1,0,0,0,0,0,0,0,0.12052974,0.9308843,meeting_room,lejepa
161,act_56_47,2,1,0,1,0,0,0,0,0,0,0,0.15767659,0.90908086,meeting_room,lejepa
162,act_64_40,0,3,0,0,0,1,1,1,0,0,0,0.105054356,0.940829,meeting_room,lejepa
162,act_64_40,1,3,0,0,0,1,1,1,0,0,0,0.12180049,0.93217766,meeting_room,lejepa
162,act_64_40,2,3,0,0,0,1,1,1,0,0,0,0.14715025,0.9194527,meeting_room,lejepa
163,act_65_49,0,2,0,0,0,1,1,0,0,0,0,0.092304826,0.9484724,meeting_room,lejepa
163,act_65_49,1,2,0,0,0,1,1,0,0,0,0,0.031471975,0.9826936,meeting_room,lejepa
163,act_65_49,2,2,0,0,0,1,1,0,0,0,0,0.064305335,0.963733,meeting_room,lejepa
164,act_62_76,0,2,0,0,0,1,1,0,0,0,0,0.098435335,0.9440089,meeting_room,lejepa
164,act_62_76,1,2,0,0,0,1,1,0,0,0,0,0.08738857,0.95042765,meeting_room,lejepa
164,act_62_76,2,2,0,0,0,1,1,0,0,0,0,0.1154079,0.93383104,meeting_room,lejepa
165,act_58_12,0,1,0,0,0,0,0,1,0,0,0,0.056744576,0.96807885,meeting_room,lejepa
165,act_58_12,1,1,0,0,0,0,0,1,0,0,0,0.2225945,0.8742143,meeting_room,lejepa
165,act_58_12,2,1,0,0,0,0,0,1,0,0,0,0.10007478,0.9441085,meeting_room,lejepa
166,act_62_57,0,1,0,0,0,1,0,0,0,0,0,0.07068281,0.9602923,meeting_room,lejepa
166,act_62_57,1,1,0,0,0,1,0,0,0,0,0,0.11114111,0.93644166,meeting_room,lejepa
166,act_62_57,2,1,0,0,0,1,0,0,0,0,0,0.094188765,0.94648004,meeting_room,lejepa
167,act_56_26,0,1,0,0,0,0,0,0,0,0,1,0.07472426,0.9600993,meeting_room,lejepa
167,act_56_26,1,1,0,0,0,0,0,0,0,0,1,0.11114317,0.9379321,meeting_room,lejepa
167,act_56_26,2,1,0,0,0,0,0,0,0,0,1,0.05689241,0.96988714,meeting_room,lejepa
168,act_70_40,0,5,0,0,0,1,1,1,1,1,0,0.15323004,0.91784394,meeting_room,lejepa
168,act_70_40,1,5,0,0,0,1,1,1,1,1,0,0.24048808,0.85735816,meeting_room,lejepa
168,act_70_40,2,5,0,0,0,1,1,1,1,1,0,0.11389023,0.9346142,meeting_room,lejepa
169,act_58_86,0,1,0,0,0,0,1,0,0,0,0,0.06361592,0.96531683,meeting_room,lejepa
169,act_58_86,1,1,0,0,0,0,1,0,0,0,0,0.1401444,0.93037564,meeting_room,lejepa
169,act_58_86,2,1,0,0,0,0,1,0,0,0,0,0.09390027,0.94658667,meeting_room,lejepa
170,act_61_58,0,1,0,0,0,1,0,0,0,0,0,0.19461578,0.88617224,meeting_room,lejepa
170,act_61_58,1,1,0,0,0,1,0,0,0,0,0,0.0954633,0.9562589,meeting_room,lejepa
170,act_61_58,2,1,0,0,0,1,0,0,0,0,0,0.026516717,0.9855247,meeting_room,lejepa
171,act_72_72,0,2,1,0,0,0,0,0,0,0,1,0.3899605,0.7559639,meeting_room,lejepa
171,act_72_72,1,2,1,0,0,0,0,0,0,0,1,0.137523,0.9275099,meeting_room,lejepa
171,act_72_72,2,2,1,0,0,0,0,0,0,0,1,0.09520772,0.95108455,meeting_room,lejepa
172,act_72_31,0,5,0,0,0,1,1,1,1,1,0,0.2878477,0.82521385,meeting_room,lejepa
172,act_72_31,1,5,0,0,0,1,1,1,1,1,0,0.22405778,0.8692275,meeting_room,lejepa
172,act_72_31,2,5,0,0,0,1,1,1,1,1,0,0.1252872,0.92816305,meeting_room,lejepa
173,act_71_43,0,5,1,1,0,0,0,0,1,1,1,0.19599865,0.8915613,meeting_room,lejepa
173,act_71_43,1,5,1,1,0,0,0,0,1,1,1,0.22248524,0.86706907,meeting_room,lejepa
173,act_71_43,2,5,1,1,0,0,0,0,1,1,1,0.3657056,0.7808491,meeting_room,lejepa
174,act_58_29,0,1,0,0,0,0,1,0,0,0,0,0.064712465,0.9634154,meeting_room,lejepa
174,act_58_29,1,1,0,0,0,0,1,0,0,0,0,0.07721652,0.95668685,meeting_room,lejepa
174,act_58_29,2,1,0,0,0,0,1,0,0,0,0,0.05748394,0.967801,meeting_room,lejepa
175,act_61_23,0,2,0,0,0,0,1,1,0,0,0,0.13362543,0.9227038,meeting_room,lejepa
175,act_61_23,1,2,0,0,0,0,1,1,0,0,0,0.13040283,0.93913203,meeting_room,lejepa
175,act_61_23,2,2,0,0,0,0,1,1,0,0,0,0.10463983,0.94108874,meeting_room,lejepa
176,act_61_80,0,1,0,0,0,0,0,0,0,1,0,0.42907214,0.76903284,meeting_room,lejepa
176,act_61_80,1,1,0,0,0,0,0,0,0,1,0,0.11865168,0.9318295,meeting_room,lejepa
176,act_61_80,2,1,0,0,0,0,0,0,0,1,0,0.07788466,0.9571123,meeting_room,lejepa
177,act_66_10,0,3,1,1,0,0,1,0,0,0,0,0.2213064,0.8711017,meeting_room,lejepa
177,act_66_10,1,3,1,1,0,0,1,0,0,0,0,0.1615133,0.9136555,meeting_room,lejepa
177,act_66_10,2,3,1,1,0,0,1,0,0,0,0,0.16483812,0.9036937,meeting_room,lejepa
178,act_60_35,0,1,0,0,0,0,0,0,0,1,0,0.18344001,0.8927929,meeting_room,lejepa
178,act_60_35,1,1,0,0,0,0,0,0,0,1,0,0.24523917,0.85681486,meeting_room,lejepa
178,act_60_35,2,1,0,0,0,0,0,0,0,1,0,0.17181686,0.900003,meeting_room,lejepa
179,act_204_64,0,0,0,0,0,0,0,0,0,0,0,0.042607546,0.9765034,meeting_room,lejepa
179,act_204_64,1,0,0,0,0,0,0,0,0,0,0,0.045905743,0.9741408,meeting_room,lejepa
179,act_204_64,2,0,0,0,0,0,0,0,0,0,0,0.042306412,0.97622323,meeting_room,lejepa
180,act_204_26,0,0,0,0,0,0,0,0,0,0,0,0.025319701,0.9859773,meeting_room,lejepa
180,act_204_26,1,0,0,0,0,0,0,0,0,0,0,0.025841981,0.9855218,meeting_room,lejepa
180,act_204_26,2,0,0,0,0,0,0,0,0,0,0,0.024268769,0.98654836,meeting_room,lejepa
181,act_57_64,0,1,1,0,0,0,0,0,0,0,0,0.032291703,0.9819312,meeting_room,lejepa
181,act_57_64,1,1,1,0,0,0,0,0,0,0,0,0.048528846,0.97272253,meeting_room,lejepa
181,act_57_64,2,1,1,0,0,0,0,0,0,0,0,0.05739999,0.96873987,meeting_room,lejepa
182,act_56_51,0,1,0,0,0,0,0,1,0,0,0,0.15125448,0.91247547,meeting_room,lejepa
182,act_56_51,1,1,0,0,0,0,0,1,0,0,0,0.25026667,0.85363954,meeting_room,lejepa
182,act_56_51,2,1,0,0,0,0,0,1,0,0,0,0.10692951,0.9406752,meeting_room,lejepa
183,act_65_84,0,1,0,0,1,0,0,0,0,0,0,0.18379736,0.8935999,meeting_room,lejepa
183,act_65_84,1,1,0,0,1,0,0,0,0,0,0,0.05354179,0.9699783,meeting_room,lejepa
183,act_65_84,2,1,0,0,1,0,0,0,0,0,0,0.051771477,0.97108424,meeting_room,lejepa
184,act_68_98,0,1,0,0,0,0,0,0,0,1,0,0.102747574,0.9411533,meeting_room,lejepa
184,act_68_98,1,1,0,0,0,0,0,0,0,1,0,0.35115373,0.79520416,meeting_room,lejepa
184,act_68_98,2,1,0,0,0,0,0,0,0,1,0,0.062593415,0.96650517,meeting_room,lejepa
185,act_70_13,0,5,0,0,0,1,1,1,1,1,0,0.16543654,0.9047177,meeting_room,lejepa
185,act_70_13,1,5,0,0,0,1,1,1,1,1,0,0.15970188,0.90728825,meeting_room,lejepa
185,act_70_13,2,5,0,0,0,1,1,1,1,1,0,0.15431054,0.9106135,meeting_room,lejepa
186,act_61_64,0,1,1,0,0,0,0,0,0,0,0,0.053939503,0.96952456,meeting_room,lejepa
186,act_61_64,1,1,1,0,0,0,0,0,0,0,0,0.05714462,0.9677822,meeting_room,lejepa
186,act_61_64,2,1,1,0,0,0,0,0,0,0,0,0.04300143,0.97730184,meeting_room,lejepa
187,act_67_81,0,2,1,0,0,0,0,0,0,0,1,0.07493508,0.9700158,meeting_room,lejepa
187,act_67_81,1,2,1,0,0,0,0,0,0,0,1,0.104842424,0.9401012,meeting_room,lejepa
187,act_67_81,2,2,1,0,0,0,0,0,0,0,1,0.083495006,0.9524632,meeting_room,lejepa
188,act_60_73,0,1,1,0,0,0,0,0,0,0,0,0.06770241,0.96279377,meeting_room,lejepa
188,act_60_73,1,1,1,0,0,0,0,0,0,0,0,0.09115872,0.9488385,meeting_room,lejepa
188,act_60_73,2,1,1,0,0,0,0,0,0,0,0,0.071423896,0.96486145,meeting_room,lejepa
189,act_58_25,0,1,1,0,0,0,0,0,0,0,0,0.04320908,0.9761023,meeting_room,lejepa
189,act_58_25,1,1,1,0,0,0,0,0,0,0,0,0.045470018,0.9777195,meeting_room,lejepa
189,act_58_25,2,1,1,0,0,0,0,0,0,0,0,0.072803296,0.9634103,meeting_room,lejepa
190,act_66_24,0,3,1,0,0,0,0,1,1,0,0,0.09194435,0.94754267,meeting_room,lejepa
190,act_66_24,1,3,1,0,0,0,0,1,1,0,0,0.14102806,0.9189587,meeting_room,lejepa
190,act_66_24,2,3,1,0,0,0,0,1,1,0,0,0.11719829,0.93774635,meeting_room,lejepa
191,act_70_9,0,5,1,1,1,1,0,0,0,0,1,0.13131395,0.9242893,meeting_room,lejepa
191,act_70_9,1,5,1,1,1,1,0,0,0,0,1,0.2359522,0.85920113,meeting_room,lejepa
191,act_70_9,2,5,1,1,1,1,0,0,0,0,1,0.11684808,0.93278563,meeting_room,lejepa
192,act_59_11,0,1,0,0,0,0,0,1,0,0,0,0.13235036,0.9287018,meeting_room,lejepa
192,act_59_11,1,1,0,0,0,0,0,1,0,0,0,0.17569539,0.8998975,meeting_room,lejepa
192,act_59_11,2,1,0,0,0,0,0,1,0,0,0,0.35103577,0.78223985,meeting_room,lejepa
193,act_60_67,0,1,0,0,0,1,0,0,0,0,0,0.13852255,0.920763,meeting_room,lejepa
193,act_60_67,1,1,0,0,0,1,0,0,0,0,0,0.10450971,0.94024897,meeting_room,lejepa
193,act_60_67,2,1,0,0,0,1,0,0,0,0,0,0.17612597,0.8971696,meeting_room,lejepa
194,act_63_9,0,2,0,0,0,1,0,0,0,0,1,0.11878457,0.93190265,meeting_room,lejepa
194,act_63_9,1,2,0,0,0,1,0,0,0,0,1,0.07023966,0.9607458,meeting_room,lejepa
194,act_63_9,2,2,0,0,0,1,0,0,0,0,1,0.22962111,0.863895,meeting_room,lejepa
195,act_70_68,0,2,0,0,0,0,1,1,0,0,0,0.14118713,0.91925484,meeting_room,lejepa
195,act_70_68,1,2,0,0,0,0,1,1,0,0,0,0.13081235,0.9256483,meeting_room,lejepa
195,act_70_68,2,2,0,0,0,0,1,1,0,0,0,0.10223418,0.94153506,meeting_room,lejepa
196,act_63_96,0,1,0,0,0,0,0,1,0,0,0,0.081458434,0.9543726,meeting_room,lejepa
196,act_63_96,1,1,0,0,0,0,0,1,0,0,0,0.12106827,0.9302341,meeting_room,lejepa
196,act_63_96,2,1,0,0,0,0,0,1,0,0,0,0.11121063,0.9370481,meeting_room,lejepa
197,act_55_38,0,1,0,1,0,0,0,0,0,0,0,0.04983387,0.97282505,meeting_room,lejepa
197,act_55_38,1,1,0,1,0,0,0,0,0,0,0,0.05287322,0.97024125,meeting_room,lejepa
197,act_55_38,2,1,0,1,0,0,0,0,0,0,0,0.058003433,0.9674925,meeting_room,lejepa
198,act_60_21,0,1,0,0,1,0,0,0,0,0,0,0.17419776,0.8984766,meeting_room,lejepa
198,act_60_21,1,1,0,0,1,0,0,0,0,0,0,0.17064884,0.9004059,meeting_room,lejepa
198,act_60_21,2,1,0,0,1,0,0,0,0,0,0,0.09615108,0.94518346,meeting_room,lejepa
199,act_69_65,0,2,0,1,1,0,0,0,0,0,0,0.13261949,0.9316359,meeting_room,lejepa
199,act_69_65,1,2,0,1,1,0,0,0,0,0,0,0.061294474,0.96535516,meeting_room,lejepa
199,act_69_65,2,2,0,1,1,0,0,0,0,0,0,0.14457275,0.916866,meeting_room,lejepa
